date,line,produced_tons,efficiency,cellulose_kg,chemicals_kg,water_liters,downtime_hours,reason
2024-01-01,L01,210.1892656523751,95.32741971934058,7178.214202497647,811.5507438509596,20998.95030943208,1,Mechanical Failure
2024-01-01,L02,313.9630405833955,76.68774293127412,5656.452083141978,734.8637695455035,86450.86329167752,2,Mechanical Failure
2024-01-02,L01,410.8554412641617,80.46731606678361,15938.94933035699,663.5200882086441,93280.56349997551,0,No Downtime
2024-01-02,L02,458.4215984224058,79.68072179438803,17938.09959182407,855.9724089384632,65486.51049665841,0,No Downtime
2024-01-03,L01,210.1724111990427,83.65527632546926,8076.519002751858,634.0636941948985,94117.28098038386,0,No Downtime
2024-01-03,L02,499.596744267124,86.77506191630762,13917.57422810441,323.4208356182231,30010.45108602743,0,No Downtime
2024-01-04,L01,313.9413577077651,92.80425544853692,13357.60530488725,733.5123539899812,31427.20514069207,1,Maintenance
2024-01-04,L02,246.6132459939746,96.09155324608217,19562.02340804401,242.6550667234839,87841.19562420646,0,No Downtime
2024-01-05,L01,334.9211598125614,95.92501554055039,7022.450919753121,806.9765906142494,85495.57358230921,0,No Downtime
2024-01-05,L02,337.3512313210944,76.9490106213994,12776.3904765617,182.6520624609806,21599.28576792858,0,No Downtime
2024-01-06,L01,482.9647264555778,83.27009753646661,10268.63546432833,643.1735162251363,43855.49721287061,1,Raw Material Shortage
2024-01-06,L02,465.2653675654755,82.1652503056605,9982.729929009623,883.0143936421516,94634.89658805677,0,No Downtime
2024-01-07,L01,295.340754658061,75.722617400726,9083.87496991957,589.0544524144224,69215.33033320407,0,No Downtime
2024-01-07,L02,432.0330416361718,91.1025647570646,17870.1546581934,215.9666511283953,24902.65878239588,0,No Downtime
2024-01-08,L01,164.5619838740658,85.75000695333223,5993.048729934948,952.1096395191136,24566.9128924246,0,No Downtime
2024-01-08,L02,452.8204693617162,80.4060599761543,7883.344946085863,761.9783863206753,66439.93687230503,4,Mechanical Failure
2024-01-09,L01,159.0776933803908,96.8174739223565,9801.823335098183,374.9700914819138,75334.09781670658,0,No Downtime
2024-01-09,L02,289.6793041297495,97.17271197008863,6243.795495087129,831.9186091800151,32316.53133417462,0,No Downtime
2024-01-10,L01,143.333212240405,97.9449255617802,5991.065982989357,665.185658430995,84474.59476866663,0,No Downtime
2024-01-10,L02,266.7938355884689,95.17524159095493,18150.71116215723,155.719990606607,93964.1206248423,4,Mechanical Failure
2024-01-11,L01,314.2061677696697,92.0443705666569,7581.218149850674,544.6229724676286,30696.73760945199,1,Maintenance
2024-01-11,L02,447.4635177763485,96.5127645250507,18184.52913744934,365.7092561037988,38880.66062144113,0,No Downtime
2024-01-12,L01,390.4671700582528,95.36351336110052,6439.03045846476,772.7865308674978,85794.86200299588,0,No Downtime
2024-01-12,L02,475.4059073074123,96.5344265176102,8769.918406072182,242.0245913125106,34403.65975828438,0,No Downtime
2024-01-13,L01,119.0668428816754,90.25098110292944,7085.26886257644,173.8727087083453,88806.61872128601,0,No Downtime
2024-01-13,L02,358.4517623722385,79.0844829362529,11161.42395920355,565.6395593458419,45610.56060745649,0,No Downtime
2024-01-14,L01,292.1182427549857,88.56225452757286,17209.14753769059,741.0741767017947,71281.37685759737,0,No Downtime
2024-01-14,L02,143.7995300916932,86.41281853946857,11564.33920049271,700.7231613361662,98204.53246830443,0,No Downtime
2024-01-15,L01,406.3773500053463,87.78822875279299,7710.965130141036,583.9684536549823,34669.61053099222,0,No Downtime
2024-01-15,L02,318.4608435631075,80.50273284489303,5082.490009769911,491.8529724306345,58272.34902133356,0,No Downtime
2024-01-16,L01,448.0923187155727,81.34228390622275,9761.847063983365,790.3747578801717,24785.18797898998,0,No Downtime
2024-01-16,L02,290.0862395753768,93.88582274757381,8684.212565710568,214.221340725813,76387.76290761257,0,No Downtime
2024-01-17,L01,256.409809640396,84.81310580837454,16218.39200142957,668.468815468195,98994.22774187567,0,No Downtime
2024-01-17,L02,203.3964815789832,94.97739812476536,16043.01584729715,996.9466673422697,94639.91146579386,4,Raw Material Shortage
2024-01-18,L01,306.8122763440628,90.11503837291016,11790.51497262112,105.8375755660317,66527.34974724075,0,No Downtime
2024-01-18,L02,402.1164953149733,77.1598044187061,8817.786338557595,392.3384192306535,65756.18035364238,1,Mechanical Failure
2024-01-19,L01,260.2504754466131,94.5926154568558,18187.38026879917,698.5140804377469,64427.0125277222,0,No Downtime
2024-01-19,L02,255.3217464458955,82.0667367762307,12501.30483711958,134.713204362196,80542.65502569855,0,No Downtime
2024-01-20,L01,390.8683636323514,77.54362772770085,17111.42383232899,715.2334885025311,43414.33509077765,0,No Downtime
2024-01-20,L02,276.0925903645902,81.21780357892331,18177.1855245967,796.6719613614417,59145.03381447586,0,No Downtime
2024-01-21,L01,351.0294691863205,81.16938226313854,9258.718848238814,631.6213047320032,98065.84197144168,0,No Downtime
2024-01-21,L02,402.3266169628999,80.34297925850437,16154.49297268465,673.1951419808252,51593.47037876549,0,No Downtime
2024-01-22,L01,361.5215754703121,75.46813985355713,7114.973050239294,482.230242638382,82491.96527459382,0,No Downtime
2024-01-22,L02,448.8511530391452,90.37619068555463,11817.42478944,855.8732363354836,76012.5987661611,0,No Downtime
2024-01-23,L01,272.2541392187196,96.81178296748664,11006.23224673379,143.5005650003932,83662.42733628475,0,No Downtime
2024-01-23,L02,321.139114144531,86.47992485815523,7696.621399461615,734.4155114656222,41679.57208213494,0,No Downtime
2024-01-24,L01,329.3242857550686,80.49018852836703,15863.55435753102,315.9171422184799,84299.37078596922,0,No Downtime
2024-01-24,L02,144.4190571608833,93.50856311774827,13359.43585452311,328.8773823877826,85619.02150469234,0,No Downtime
2024-01-25,L01,293.4044083425706,83.76471522225508,12955.35671760506,715.9391719716473,65136.13874490911,0,No Downtime
2024-01-25,L02,331.9461290312908,88.19746434715596,13887.48345145336,870.0748098680691,75500.227549309,0,No Downtime
2024-01-26,L01,383.036504486795,89.45325138255355,10153.5047741287,648.919797607167,26963.94297493285,0,No Downtime
2024-01-26,L02,330.8690000065308,83.58269148092076,16506.57695069926,721.3641730965579,56397.56793353199,0,No Downtime
2024-01-27,L01,195.5494775463798,80.6743021700337,19656.54055725022,836.8743724452539,56019.18664773609,0,No Downtime
2024-01-27,L02,462.5187828620292,95.09932860772037,9529.620106564722,575.0543505261819,95237.27389092225,0,No Downtime
2024-01-28,L01,371.987255957516,97.83045947818178,15520.79040063711,247.9925676023467,32264.29126703884,0,No Downtime
2024-01-28,L02,242.4035892660275,81.52440466094207,15950.48920107471,546.2143511465192,84238.49783696784,0,No Downtime
2024-01-29,L01,225.0505964199174,93.36984850435374,5849.01297588917,847.4629143919076,55003.39990093979,0,No Downtime
2024-01-29,L02,372.1926522614198,79.35782984494053,10286.48934972058,506.3531889124844,57310.21995745527,0,No Downtime
2024-01-30,L01,123.2087535131798,84.48583511385641,7416.094696068058,882.6212738638937,55512.12800245004,0,No Downtime
2024-01-30,L02,319.2249542370583,78.57516187219458,5620.789561741659,504.8347139724094,84576.50823638489,0,No Downtime
2024-01-31,L01,478.8602474281743,95.60781495799799,12682.60884347072,716.2790005544349,86628.63209259389,0,No Downtime
2024-01-31,L02,197.4145377641856,90.3790875735049,10925.6198355817,185.2342760753807,38080.47831863222,0,No Downtime
2024-02-01,L01,499.2277903996908,83.02560700679012,13198.731076791,292.1504494233311,51633.03375159046,2,Mechanical Failure
2024-02-01,L02,392.6669473530128,87.75777459891908,6859.878230121905,131.6873653198447,49573.80645631462,0,No Downtime
2024-02-02,L01,220.2862710140505,93.29941016135751,8757.509617624804,652.76816766291,43970.62166850932,2,Maintenance
2024-02-02,L02,342.9891925320692,93.4330786121943,18128.69470068577,954.1875411213845,85175.04407356365,3,Raw Material Shortage
2024-02-03,L01,301.4562062020088,84.45790463097642,7744.548585768426,675.8578121288705,49177.618036179,0,No Downtime
2024-02-03,L02,304.5395468609426,90.02528775603291,14724.24777287388,348.6785319248091,33469.8050055049,0,No Downtime
2024-02-04,L01,475.8976137823948,97.43868766410961,16289.52852830142,144.5890504938641,38360.05642535236,0,No Downtime
2024-02-04,L02,331.5464709143417,86.99913509473204,14232.53316104282,277.0850125637337,38421.18198076351,0,No Downtime
2024-02-05,L01,418.9239726777095,85.08466382537807,14387.5477810605,827.9137866976106,87702.35947659268,2,Mechanical Failure
2024-02-05,L02,247.8611814376572,87.23226152127049,11891.22650735352,619.6479952066328,85443.26320098192,0,No Downtime
2024-02-06,L01,265.1331661605668,87.69743442543773,14706.32242871411,994.3655183483357,36758.57450436607,0,No Downtime
2024-02-06,L02,158.1587415613431,76.1504061246977,7589.204691799257,790.1114359001372,94579.48366690386,0,No Downtime
2024-02-07,L01,172.3378791368278,76.41096944509145,11397.48774568839,142.8513924178728,90958.41192240329,0,No Downtime
2024-02-07,L02,227.1791537032575,86.29146068229493,19205.48225771975,804.5149533735477,84939.93917249399,2,Maintenance
2024-02-08,L01,106.288074180895,93.47943189318872,6439.047122812493,547.1546089725487,88298.86263513146,0,No Downtime
2024-02-08,L02,362.2951145737937,90.40956571031954,13336.37184261319,537.6965200853739,22704.77430407023,0,No Downtime
2024-02-09,L01,167.8146167137007,93.00418362324251,8086.055735804855,182.2377664694738,29365.70568347953,0,No Downtime
2024-02-09,L02,155.7456989389803,79.18855885274512,12427.14089610404,775.3639832728223,36848.40392947242,0,No Downtime
2024-02-10,L01,489.1810688215119,82.70304429110156,6964.211063401554,402.4047533376714,20171.21166048592,0,No Downtime
2024-02-10,L02,308.3134151205945,76.87978529583818,14697.16094382354,978.3303073983026,95303.35744534282,1,Maintenance
2024-02-11,L01,218.5364770208248,84.88689486143751,6455.048197076881,901.759771698832,97971.80698043662,0,No Downtime
2024-02-11,L02,249.0272356632007,95.12407960616632,18336.10032379924,929.4308014551531,42108.9489633788,1,Maintenance
2024-02-12,L01,303.1926943165371,90.38849835772426,10015.60831754999,978.6284317732797,52545.10484993948,0,No Downtime
2024-02-12,L02,109.849023538581,82.03715669165723,5685.077109531842,301.3774231447187,39009.33070155439,0,No Downtime
2024-02-13,L01,465.6470340705279,83.34345274426155,11683.85479023111,342.0840582510527,32246.77901532148,0,No Downtime
2024-02-13,L02,315.8802651388262,77.46456307261721,14421.68531050926,721.8328011398623,20314.75085855079,5,Mechanical Failure
2024-02-14,L01,198.0926409573061,84.46040278672334,13669.42914435349,117.8463375843978,29736.50152764814,0,No Downtime
2024-02-14,L02,374.7256846243585,89.15738690532183,18713.75668225824,462.8687527585448,94301.20862310276,0,No Downtime
2024-02-15,L01,443.6101181315274,76.85722651840719,9556.160553458863,891.8388280320667,81225.2707289285,4,Raw Material Shortage
2024-02-15,L02,103.1093492110997,91.12827325585677,10598.35655199518,844.7005435059755,39018.42326756315,0,No Downtime
2024-02-16,L01,209.6752407299944,97.3018047987452,10160.22637142507,831.895273426745,70772.83243037917,0,No Downtime
2024-02-16,L02,110.8918925489476,93.58492454310553,5551.467138951757,328.2810471038586,26551.63156333144,0,No Downtime
2024-02-17,L01,352.4421921030624,85.15747444493995,12212.34988438995,222.0781388139264,97686.92358829216,0,No Downtime
2024-02-17,L02,449.2604767851157,78.629679367478,15599.03033896424,371.2217192777417,98078.36427419925,0,No Downtime
2024-02-18,L01,479.3504851514605,76.53785745177667,13711.95978137797,807.9823693494931,38890.49256985748,0,No Downtime
2024-02-18,L02,447.4901408603397,75.55717242378469,19491.78808221736,975.0627793919159,22101.74816005169,0,No Downtime
2024-02-19,L01,430.6156391541268,96.93005105030177,5123.828199099486,852.2843467229799,24214.78796131233,0,No Downtime
2024-02-19,L02,424.4226375536831,81.29027905523441,8515.643711505913,176.2862605877403,44781.38784957497,0,No Downtime
2024-02-20,L01,145.3211233698673,80.74165777200658,8070.055306183969,478.8821212979994,70431.07171940469,0,No Downtime
2024-02-20,L02,269.3663583267293,86.9683211973905,5978.106719092983,458.3197186548476,82820.85609781432,0,No Downtime
2024-02-21,L01,402.7824853064604,92.0157249227589,14506.55595581039,390.6586192293786,26882.06616041195,0,No Downtime
2024-02-21,L02,349.195449525401,83.02837465813002,8248.522884033891,212.1865130686015,31775.71145667929,1,Maintenance
2024-02-22,L01,130.4369322165964,75.33457727545996,8875.406456809123,408.6031475925338,40780.93875479416,1,Mechanical Failure
2024-02-22,L02,238.3059675085464,91.77255793854864,5379.11246046565,295.5169087444378,71564.45672634101,0,No Downtime
2024-02-23,L01,118.6285685943322,86.97009248755899,19855.95349106934,844.6027611258259,62236.97181504696,0,No Downtime
2024-02-23,L02,128.6287190208498,75.4308837528588,17612.59281302787,830.3950191166998,52491.08274794104,0,No Downtime
2024-02-24,L01,430.9258942821877,83.54554605544041,16345.17191120145,334.7507291764651,64725.64045326149,0,No Downtime
2024-02-24,L02,398.3436047324826,96.95617114453076,16571.95452664404,836.0911559897643,47361.90935756112,0,No Downtime
2024-02-25,L01,240.5007270727402,89.84907811492069,8418.9195987096,507.7666827048914,22893.20788343836,0,No Downtime
2024-02-25,L02,334.0084749196679,84.2193356316234,16557.36213611386,839.6479715429674,23953.42422844737,0,No Downtime
2024-02-26,L01,351.425148595342,97.52377734787602,16234.88863750067,550.8111558455303,68374.19159407952,0,No Downtime
2024-02-26,L02,165.2348214579338,84.33281441822186,11768.46639376499,765.5425907871941,94779.05042785898,0,No Downtime
2024-02-27,L01,402.1037677546895,80.4246445943984,17086.7507469725,597.6370964084526,83282.64777291569,0,No Downtime
2024-02-27,L02,109.1710286759673,81.07166238341375,9627.790270733256,310.0442117936109,74280.22592550018,0,No Downtime
2024-02-28,L01,149.0790916980408,96.9210176419461,15431.70422555797,604.3432696257903,29912.18520784278,0,No Downtime
2024-02-28,L02,360.5719919391364,90.22569232261264,8524.388593832984,349.4338165017727,59508.97854045394,0,No Downtime
2024-02-29,L01,138.2451405241611,83.8036429991099,14084.08178904239,989.5312728037866,67181.49167228711,0,No Downtime
2024-02-29,L02,391.6794854208475,83.68287055653931,9299.95018370208,730.2690798441134,25035.8151354927,0,No Downtime
2024-03-01,L01,155.1180682458644,75.81286627502199,14663.67999628566,465.690082658023,22350.81745670578,0,No Downtime
2024-03-01,L02,299.4144214191895,87.08149894793075,7230.977294808257,545.7934212353309,49106.66701934175,0,No Downtime
2024-03-02,L01,111.908603846012,88.74801747601585,19755.09137147544,510.0346278821104,69125.49228755997,0,No Downtime
2024-03-02,L02,430.8632957013024,91.17090213749539,7911.505345564194,204.8064130007444,53483.37672696497,0,No Downtime
2024-03-03,L01,409.5837363556507,90.78957733841237,19492.03554001611,682.488794098951,77633.41399535068,4,Maintenance
2024-03-03,L02,211.2459897497781,75.30680443674679,5911.81467348557,292.3739568526373,73358.79361733832,0,No Downtime
2024-03-04,L01,397.9216742243099,97.88618832335308,8616.202067857597,739.129637535854,92275.35294304526,3,Raw Material Shortage
2024-03-04,L02,162.5044997951389,82.68231648964581,8554.401242047807,821.917853837533,43226.543677954,0,No Downtime
2024-03-05,L01,233.969046518324,86.93075435293927,8644.655670711445,785.9722141769391,85633.15105971761,0,No Downtime
2024-03-05,L02,127.6808227156208,79.21553851141311,6581.755564817428,423.876750156662,72875.34882575719,4,Power Outage
2024-03-06,L01,126.1355386629361,82.32250913006456,19548.83153141612,357.1846102523098,98875.98377037694,1,Mechanical Failure
2024-03-06,L02,435.0445246831343,86.73399310108206,13951.33829781252,646.724403509805,40734.347463418,0,No Downtime
2024-03-07,L01,164.2239482762229,92.7838903899211,12803.18010104995,741.1629510105062,28360.89141001141,3,Maintenance
2024-03-07,L02,422.8195059215017,89.5215814697414,6741.047700294517,686.7434649486663,62438.79609911844,0,No Downtime
2024-03-08,L01,219.9604117024205,77.49709175624204,15501.85636688759,910.7917316116564,58611.72427961329,0,No Downtime
2024-03-08,L02,293.3133530541419,86.36323584085939,18481.23245631133,611.3947938851184,44495.76384404858,0,No Downtime
2024-03-09,L01,492.179566897251,80.729412006743,12388.17436077676,756.791215302147,54945.64544396869,0,No Downtime
2024-03-09,L02,275.8120644094658,79.1928896776964,13928.24064376607,745.6134491113188,62682.53592400165,0,No Downtime
2024-03-10,L01,132.7834198311267,92.46522766823142,12627.96696020555,943.0566136143703,31671.50272125233,0,No Downtime
2024-03-10,L02,248.8093780315831,88.4410508225168,11337.12403402779,717.9905127534296,51086.73209038845,0,No Downtime
2024-03-11,L01,357.2040221316338,77.24823742772361,12344.80791348265,700.0381205663622,65416.95669647584,0,No Downtime
2024-03-11,L02,300.151138219127,76.52972776192325,14083.82179454899,603.4292892021308,85036.24727657042,0,No Downtime
2024-03-12,L01,162.8286987813205,80.01984810136021,18175.42004557127,337.6582149389129,49236.77822782934,0,No Downtime
2024-03-12,L02,279.0272344086156,81.03796516940413,13200.046711638,855.6291241094233,24992.1755963722,0,No Downtime
2024-03-13,L01,415.4514682572183,76.1027163104719,16980.39700608097,548.1911102207885,52296.01433310419,0,No Downtime
2024-03-13,L02,126.0392126577613,89.48917904985375,8497.741772466437,528.829188489822,72203.3026642737,0,No Downtime
2024-03-14,L01,253.9481503948494,84.35162889960856,5317.340642111726,443.3673156520567,45183.88865626403,0,No Downtime
2024-03-14,L02,244.9444723760034,92.71799859560832,13252.59462512303,727.741933051573,51455.54571933593,0,No Downtime
2024-03-15,L01,193.835864633774,88.30585015065594,8642.349255556823,882.984479020929,67919.24898250631,0,No Downtime
2024-03-15,L02,200.6185238676125,85.13077327701045,16577.3043059593,656.1064821146524,24173.3263868605,0,No Downtime
2024-03-16,L01,365.3520631845491,96.63886810009969,16040.76833940026,285.7562308342653,74631.59851482301,0,No Downtime
2024-03-16,L02,332.3500830679175,94.151044654106,9286.532855551373,821.5463217237988,31929.36238973007,0,No Downtime
2024-03-17,L01,427.1876089186633,91.7528386142437,9494.153379066722,613.821601258882,23079.14105636462,0,No Downtime
2024-03-17,L02,441.0506445996084,84.13804258081805,15890.81805855125,234.5705359820864,60545.57724548321,0,No Downtime
2024-03-18,L01,222.2198724871034,90.31537927049581,15924.58202666633,944.3028618840357,51206.88780520383,0,No Downtime
2024-03-18,L02,343.9098295693304,94.59386241066487,9794.46652538506,656.3639674119742,50932.04790764873,0,No Downtime
2024-03-19,L01,257.4340981460313,76.19765880428325,7443.264893650909,792.014288077219,64561.34737101731,3,Raw Material Shortage
2024-03-19,L02,321.4391432622197,75.30123526559456,5828.980484407215,157.2979077467323,82288.92628324224,0,No Downtime
2024-03-20,L01,223.2319970224582,75.9186462035192,11358.20932642745,698.7749917545581,54108.4212191864,0,No Downtime
2024-03-20,L02,360.0528128256796,78.7979260472832,10964.35276970481,821.5657819591789,49700.06574270652,0,No Downtime
2024-03-21,L01,275.7528495495015,77.29071621373755,12437.99119206738,501.6218941850785,64155.22880879307,0,No Downtime
2024-03-21,L02,380.6053086011329,79.63615764827382,11173.76110591813,225.7450451044718,95679.23167560594,0,No Downtime
2024-03-22,L01,338.1827593840722,91.98053689495677,14586.85571140959,353.170551977096,40074.95118995612,0,No Downtime
2024-03-22,L02,265.5261005205803,92.9174350905935,13544.0794340584,798.6978845154997,83987.61711109031,0,No Downtime
2024-03-23,L01,284.6153586678249,94.25949168968984,16155.57493322877,249.2452217982324,62976.14850185012,0,No Downtime
2024-03-23,L02,467.2917735906597,95.1081198154794,14476.71299487815,537.5320780973836,67945.57972473276,0,No Downtime
2024-03-24,L01,135.9686545984549,80.96747002078232,11829.52788441432,943.8144283301489,98734.72749206368,2,Raw Material Shortage
2024-03-24,L02,231.7406570844033,80.81615398124504,5352.272958223263,694.9178641003599,27713.59614697976,0,No Downtime
2024-03-25,L01,449.0791932680185,83.62066137324437,18934.53751638379,467.3454548505621,91325.88787750248,0,No Downtime
2024-03-25,L02,401.5992852333496,88.07567513968084,10932.08178215314,283.873665127042,42662.89195685954,0,No Downtime
2024-03-26,L01,263.7720888376526,91.22291309857977,14570.73105959342,773.0433622774999,85301.21695198762,0,No Downtime
2024-03-26,L02,236.9050388123852,88.26310511345483,5478.803858612492,520.3876828453309,39439.22407929935,0,No Downtime
2024-03-27,L01,237.6526547561017,77.17143081618579,10949.12507125276,432.3887941480135,62204.98814223824,0,No Downtime
2024-03-27,L02,455.9777633514871,77.4470860524367,17636.25299228694,705.8337741612233,48874.11618499336,0,No Downtime
2024-03-28,L01,199.1052572973905,77.08182990257298,12935.70741856454,273.79453804709,51091.20607461916,1,Mechanical Failure
2024-03-28,L02,474.4071176454644,96.00170658316048,7319.010260108822,734.3869288912805,67033.2658566161,0,No Downtime
2024-03-29,L01,139.0564268881992,92.61732127023802,10890.42025232616,154.5880274868373,40307.73721130421,0,No Downtime
2024-03-29,L02,370.9434435288422,86.13145026922508,10744.66756155705,153.4154210989252,57654.14614429469,0,No Downtime
2024-03-30,L01,110.1184963427912,80.32991349257296,18504.55519027059,273.7699486059128,85549.18493938586,0,No Downtime
2024-03-30,L02,400.9479126369399,91.79137157120876,14342.23242621091,338.0480421690502,35650.96173643757,0,No Downtime
2024-03-31,L01,377.5409910597904,75.81863767134014,14492.9935218886,772.8033288882854,96771.82725328702,0,No Downtime
2024-03-31,L02,109.608631349662,94.87534236375393,11248.85583915506,477.3187590089722,60802.97260073266,0,No Downtime
2024-04-01,L01,235.723297476667,83.67214603349828,6096.424157851884,881.6631205919481,85642.60673034897,0,No Downtime
2024-04-01,L02,142.6721695559633,80.79259480581129,8287.311991373355,465.6588279671556,86854.48675684439,0,No Downtime
2024-04-02,L01,233.0208972356325,81.57329809422836,7767.191024334994,113.4347488379433,94095.93019027756,0,No Downtime
2024-04-02,L02,467.7247781576345,79.57864911204811,17804.2313110463,678.4359643389059,63089.68684707131,0,No Downtime
2024-04-03,L01,356.030423431582,82.0707503488135,8884.174988581297,929.4488194844855,40963.52558186048,0,No Downtime
2024-04-03,L02,140.3111321229686,97.94594809410778,5729.031690596317,111.8376409824376,63780.61755736669,0,No Downtime
2024-04-04,L01,288.1378115697042,88.7287484590234,13947.15272298703,819.2435478655849,35005.44560072785,0,No Downtime
2024-04-04,L02,407.4700681270485,94.17237580540734,18802.18825228956,597.3637505507943,90294.53529124247,0,No Downtime
2024-04-05,L01,390.4378501539462,88.44378549383353,17861.13233837405,944.9503304933378,36363.38458552521,1,Raw Material Shortage
2024-04-05,L02,119.9339626385538,83.40841961156066,13598.64979808958,120.4596895889345,48977.76712823466,1,Mechanical Failure
2024-04-06,L01,232.9168072717913,80.05736165224009,9276.896076516432,783.7103795933118,76189.27155986088,0,No Downtime
2024-04-06,L02,221.1495269158988,78.07429595440685,13514.16226792348,376.8411502315548,44581.48807030711,0,No Downtime
2024-04-07,L01,475.9878126682227,89.20711844511122,8604.445578258134,722.6583282213657,91700.50792757582,2,Maintenance
2024-04-07,L02,340.0085792851191,80.73011384997697,11984.31684768145,622.9345433883808,26255.15917592682,2,Raw Material Shortage
2024-04-08,L01,303.0056559566781,84.79925965228148,16746.81179848604,985.4252415691935,27905.86272980622,3,Maintenance
2024-04-08,L02,144.7699810563733,78.89555711725635,12543.42839003441,432.8331317152134,88573.14719259221,0,No Downtime
2024-04-09,L01,209.938257521435,94.24505227292043,19585.64280117601,864.0550017576949,60595.10998057055,4,Raw Material Shortage
2024-04-09,L02,411.6749296867336,87.54262564580277,13419.94492293791,116.6053778471881,69711.0230910324,0,No Downtime
2024-04-10,L01,393.2032838214926,91.9775672418061,10754.65623285386,705.1025037457772,26209.39570761845,4,Mechanical Failure
2024-04-10,L02,376.1985292047107,95.81397167457972,8597.82384924039,730.7467732127635,84245.39428670425,0,No Downtime
2024-04-11,L01,283.891881520439,91.40123142615289,13150.26226749584,147.5574756413262,97985.18344998789,0,No Downtime
2024-04-11,L02,300.8975996207946,81.5531453804973,11111.68275349577,276.6609047597359,97126.34428905745,0,No Downtime
2024-04-12,L01,157.7669666481086,83.1687743671768,6269.901771093127,598.8567546840195,51660.13523232062,5,Mechanical Failure
2024-04-12,L02,223.8771603880151,81.11066564502983,8005.712817392584,311.7857341736266,58038.90628204198,0,No Downtime
2024-04-13,L01,404.4024026394592,90.80346886248988,14917.32632890385,939.7123694677501,94192.41806100243,0,No Downtime
2024-04-13,L02,372.5410501790319,75.29232005229895,10404.0623047373,364.476830916705,35901.50269651583,0,No Downtime
2024-04-14,L01,478.4200008349742,88.9367046785502,6019.336926823764,839.3863829392534,45121.01838959598,0,No Downtime
2024-04-14,L02,355.810822118273,84.76365735094618,8101.291096940866,140.5588673245942,42239.12331398058,0,No Downtime
2024-04-15,L01,432.2048672483538,76.79667141302436,11065.68986657667,922.8822394372506,39464.63930707559,0,No Downtime
2024-04-15,L02,378.8448838763519,80.06414529071083,9373.361283674603,958.3495617979297,66888.4929610409,0,No Downtime
2024-04-16,L01,354.3905593762347,85.26453089053314,19552.15894459758,217.3394259763148,71569.21311612058,0,No Downtime
2024-04-16,L02,109.9342328382963,80.4934565206311,9602.856363145467,904.6850405784629,72675.40895739236,0,No Downtime
2024-04-17,L01,468.6848357519523,78.89171112330807,17172.73553921729,375.9331904627482,54741.44690882004,0,No Downtime
2024-04-17,L02,323.3163609721974,79.00191045320676,7593.263002706486,881.0413083173969,92638.68360261475,0,No Downtime
2024-04-18,L01,393.5517496026863,83.9727031265942,14001.49730634108,812.8340746885525,39531.12466752643,0,No Downtime
2024-04-18,L02,486.5044869911681,95.02550512738988,16227.03993182452,476.7473806195549,78606.48888718634,0,No Downtime
2024-04-19,L01,242.3444997045692,94.20250119427523,5705.446624105664,754.5639860361782,72726.09211143362,0,No Downtime
2024-04-19,L02,435.5654306023735,80.59346619282607,17410.81068382223,322.7244412233547,30158.20224554914,0,No Downtime
2024-04-20,L01,445.3192544083259,75.3328686969432,18335.49725619112,567.6808372439467,55164.93175605132,0,No Downtime
2024-04-20,L02,130.7785930601407,86.87704154953883,17858.3960829982,412.1683122342864,55896.75052626812,0,No Downtime
2024-04-21,L01,438.5332722947578,87.64481478163258,12165.42352745455,569.0141982471539,99376.87647280893,0,No Downtime
2024-04-21,L02,317.1749347973521,75.19631657007805,12894.23434207245,506.3921317521418,90464.27192449712,0,No Downtime
2024-04-22,L01,218.5908641528927,77.3570997492577,15679.47409432831,560.1901910874623,46199.0844702646,0,No Downtime
2024-04-22,L02,348.1437331134621,97.20664061435538,9145.032257501973,805.523443811155,35478.97321159058,0,No Downtime
2024-04-23,L01,445.135781803775,79.27205799208255,19679.70894581732,874.6240168083872,50021.86242531077,2,Mechanical Failure
2024-04-23,L02,227.8421012025809,93.79100932766183,12364.46723492213,622.0936494672961,54002.17503546997,0,No Downtime
2024-04-24,L01,284.6822996056013,92.74730501595445,16478.40703044274,477.3269694331865,36968.61270336896,0,No Downtime
2024-04-24,L02,496.056533816778,84.45651399050033,16582.3090160646,422.4926553050472,21209.94369900058,0,No Downtime
2024-04-25,L01,489.6777741078876,95.27158962247806,11879.60761458822,948.6252967474079,90877.9115697891,0,No Downtime
2024-04-25,L02,276.775998545451,81.01407627914028,18656.57831635925,220.9402155111927,84938.66175310207,3,Raw Material Shortage
2024-04-26,L01,111.5690204497855,85.8121552953002,15596.34699410623,480.4752029584167,32445.18246235491,0,No Downtime
2024-04-26,L02,273.3632631319547,79.9256307659362,9725.06233163126,440.5249737733263,82594.66909599755,2,Mechanical Failure
2024-04-27,L01,342.0856737697507,91.74793057325724,13694.8167954743,117.3872196865293,57639.13422015219,0,No Downtime
2024-04-27,L02,485.4171194576913,85.44949411580535,16689.13545637448,180.1473238417831,52930.05543596115,0,No Downtime
2024-04-28,L01,416.2760361016811,81.45298548466606,16958.15264974593,800.3285882626557,32651.22482953902,0,No Downtime
2024-04-28,L02,346.418995490276,76.51965839434911,12355.68378867119,209.6701770541047,40195.46075303396,0,No Downtime
2024-04-29,L01,127.7850489229103,76.62634407430036,12587.57115020644,192.3744694520599,61905.34969969625,0,No Downtime
2024-04-29,L02,386.5924872547153,96.8330261647329,6950.921622642085,549.8491958178363,59288.60673796871,1,Maintenance
2024-04-30,L01,168.2575304870145,93.56063105414974,6922.829726554333,346.6022238548754,34427.89164553293,0,No Downtime
2024-04-30,L02,220.6954257018367,82.02754286347655,11314.69009979692,983.5611342399037,42681.77632654356,0,No Downtime
2024-05-01,L01,415.2688874259884,89.86443707176878,10019.61327621518,448.0227217939971,62814.58307416189,0,No Downtime
2024-05-01,L02,395.1331226555333,83.52694761012096,13722.26422620425,214.1466633946967,49931.658368127,0,No Downtime
2024-05-02,L01,217.9655605656237,95.90970063310944,8997.809786659986,208.0599826708134,45112.4662701542,0,No Downtime
2024-05-02,L02,212.7682745618087,78.40903804363943,10758.9976979882,197.6302592886396,62922.56859514464,0,No Downtime
2024-05-03,L01,353.6406335573995,83.79796413172987,19417.3617470774,841.9895875516835,40714.02758905561,0,No Downtime
2024-05-03,L02,499.6804952335801,80.3475122086645,17833.12055210529,867.313546567636,65420.21950027566,0,No Downtime
2024-05-04,L01,215.7482483666563,95.25881121870768,15046.95107102775,546.777371209816,90802.17043863134,3,Raw Material Shortage
2024-05-04,L02,493.043294777904,87.56766684815483,11656.23647151664,880.7580315686768,51475.30873771635,0,No Downtime
2024-05-05,L01,199.9619675747312,96.13928973540882,10820.01802389916,430.5203002460478,77030.01770982696,1,Mechanical Failure
2024-05-05,L02,397.9781224296188,88.62059669549856,7298.099813367806,215.9014197900698,66418.60155999786,2,Maintenance
2024-05-06,L01,332.9371507732322,77.023522948851,7494.915923954146,434.492935715428,63799.99697395053,0,No Downtime
2024-05-06,L02,362.89629315917,83.17978814352873,9372.184424264822,197.2344180453321,65382.57070505637,0,No Downtime
2024-05-07,L01,137.959378209761,88.55849282102741,16162.64985164519,288.2680076940244,22135.61211616844,0,No Downtime
2024-05-07,L02,280.318508311055,95.48962938695189,13249.02506126153,553.6734617627437,43479.77214897616,0,No Downtime
2024-05-08,L01,197.8576753069376,81.69877617431888,12630.76687152698,208.3820787364054,24897.74423642588,0,No Downtime
2024-05-08,L02,319.6786773194559,91.30192639624757,11876.03822155903,624.3033696304695,53185.13813497643,0,No Downtime
2024-05-09,L01,261.9746666894633,92.12860816633126,17457.68825547518,553.8385301799044,86260.71690584121,0,No Downtime
2024-05-09,L02,286.4270313832122,80.48607507646946,7428.849175637051,478.4284296383991,22427.25524186112,0,No Downtime
2024-05-10,L01,113.3658599731577,84.36059432640067,16584.57276283827,652.1183654075377,35012.91038669743,0,No Downtime
2024-05-10,L02,312.3282378965132,81.70741633626619,8507.161158286173,506.2537705745927,58694.65042912256,1,Raw Material Shortage
2024-05-11,L01,375.7554841518081,86.19809300494268,19430.22971909188,582.8142532856681,72925.16068616629,0,No Downtime
2024-05-11,L02,403.1380897937827,86.46497289752313,15667.78747138753,131.3334456855828,21675.6363812409,0,No Downtime
2024-05-12,L01,297.8114252748389,92.3043389164626,18609.81165474153,924.443808140364,39426.13072555714,4,Maintenance
2024-05-12,L02,139.8474754477037,76.42795463862237,18999.3290176537,220.9115503365044,68652.10596190451,0,No Downtime
2024-05-13,L01,255.6155237583793,82.47347547963938,14054.38201449866,402.1425846897748,70465.01493145799,0,No Downtime
2024-05-13,L02,132.5129259997149,95.48206588349923,15647.10291973231,841.2602874358814,67519.07776350417,0,No Downtime
2024-05-14,L01,209.8857341610037,90.19734289389923,16587.3192635192,505.0510856958253,49905.56551029787,0,No Downtime
2024-05-14,L02,388.0128271050128,90.41909904008381,15755.19644429801,577.0599271043376,52494.51580437776,0,No Downtime
2024-05-15,L01,100.1369285994576,92.56872990910243,5372.795693777857,331.8885253356748,52554.36760237742,0,No Downtime
2024-05-15,L02,342.0123980058341,85.96881937865234,12060.93710688517,111.0102719889605,68818.29413692815,0,No Downtime
2024-05-16,L01,314.201542491359,82.96156118334272,16017.91629554177,239.8543010527041,30799.72310983323,0,No Downtime
2024-05-16,L02,212.8685931383592,79.98212068797041,5704.479557274052,532.8565706906685,96256.73642562615,0,No Downtime
2024-05-17,L01,395.3383865335173,95.11827344128304,16185.17111094196,898.4504868116214,55308.23369418611,0,No Downtime
2024-05-17,L02,422.4400340175093,75.87821443269486,5918.593199552136,117.5464756249235,46383.10457642862,0,No Downtime
2024-05-18,L01,326.6533702900342,93.57939135402752,6185.911406866609,489.8874321327266,72173.52611420758,0,No Downtime
2024-05-18,L02,263.9824929674759,97.08937030458684,11969.07575047401,880.2298268672221,77428.20709879597,0,No Downtime
2024-05-19,L01,304.8121454153255,81.68091922822626,19613.30014916618,443.7184133417389,46254.06481775072,0,No Downtime
2024-05-19,L02,256.4431398074541,87.60017955503513,7462.300677696683,386.4190206890082,20923.81395471832,0,No Downtime
2024-05-20,L01,284.5753062528359,92.73180736235511,15019.49642707992,109.3740204508182,42486.19244503581,0,No Downtime
2024-05-20,L02,314.6574833578986,92.16460774597424,13871.97927039773,821.4164375695146,79205.78863849316,0,No Downtime
2024-05-21,L01,341.8571779966929,75.46238503648235,15473.66070677363,606.7355296113756,59527.78410793833,0,No Downtime
2024-05-21,L02,115.3078819404031,92.60735890902222,9442.829055838714,564.9180470370435,32494.15374178571,0,No Downtime
2024-05-22,L01,208.7884300845458,96.93318815890487,13989.60781827136,830.7088077758809,42439.70595047423,0,No Downtime
2024-05-22,L02,314.26013911595,79.79863757957604,11239.78423667231,315.6042267221271,24272.81332114628,0,No Downtime
2024-05-23,L01,318.2688881019413,93.11311123353663,18880.926489146,667.526180102335,31540.38039995784,0,No Downtime
2024-05-23,L02,378.0896294771204,84.79509024402729,12832.5330339123,716.4822726842111,95169.80059621843,0,No Downtime
2024-05-24,L01,317.1975012283315,80.30533973480138,5113.953457115276,729.5647285965829,33371.38114483868,0,No Downtime
2024-05-24,L02,415.1951227962033,96.52656066579972,10639.40533295294,505.8214085249713,68802.8544026424,0,No Downtime
2024-05-25,L01,315.0931334985719,89.43813648167924,10861.86309886447,676.6271828044231,39075.53981703878,0,No Downtime
2024-05-25,L02,125.7388371268454,90.86280447720398,7837.041671234827,602.802122981153,47526.93741700134,0,No Downtime
2024-05-26,L01,386.6789190180002,86.53325375091796,14615.82799645256,191.6325773666974,94526.49454651614,0,No Downtime
2024-05-26,L02,452.1687493785686,85.8532236875147,18655.96247345849,999.2389343553913,63848.25304329036,0,No Downtime
2024-05-27,L01,187.1392849388048,90.69810098601704,17366.31009368785,665.509396690376,82201.47620447088,4,Raw Material Shortage
2024-05-27,L02,415.0967540567572,92.12925561551486,15925.76857955448,870.4644936615462,37824.87433996976,0,No Downtime
2024-05-28,L01,350.5477874917262,87.60486311364242,5980.360334976964,599.2587107077518,27164.36052143601,0,No Downtime
2024-05-28,L02,326.6995064850633,94.27508487770235,18822.75507599895,352.3028383306961,22333.78305558951,0,No Downtime
2024-05-29,L01,168.4872384548902,84.65679273634568,15080.02361108047,169.89183155431,86816.64028630962,0,No Downtime
2024-05-29,L02,479.1562833204979,90.79551125127662,16981.07995610263,121.1096114405987,83450.24469863677,0,No Downtime
2024-05-30,L01,225.5251122219991,77.40756564515726,6317.43349325282,447.7527029914262,80850.786004918,0,No Downtime
2024-05-30,L02,450.2820743382431,83.33141376715422,19396.23485350981,837.9018671849399,91900.93003005192,2,Mechanical Failure
2024-05-31,L01,170.9526280488653,82.82518111494797,6576.011508740227,784.0983098534649,39423.08075757152,3,Mechanical Failure
2024-05-31,L02,130.6003945274246,88.47704440537203,5699.775101270037,510.12954150335,96156.87907100376,0,No Downtime
2024-06-01,L01,346.022767841974,78.33751725970934,10928.61930308077,725.1828904486347,62973.86571179648,0,No Downtime
2024-06-01,L02,268.9055637707046,93.56364675485779,18718.08111992767,359.6564395457594,25070.88775599738,0,No Downtime
2024-06-02,L01,396.7697308572679,77.28778873094979,15649.33826057434,874.0719459508166,24829.19959341889,0,No Downtime
2024-06-02,L02,143.1876952295063,92.91064808826559,6123.327455154376,552.716529604404,72156.29184135783,0,No Downtime
2024-06-03,L01,483.0627941769493,89.5243687286863,19357.73330013612,924.6082863639003,70035.64304649804,0,No Downtime
2024-06-03,L02,301.1437160923196,93.4207447417211,13870.19829277311,652.1048346343745,45679.22738819561,3,Maintenance
2024-06-04,L01,321.5388286144091,90.51379373952142,15053.22504936909,121.4362366672245,77317.86495595143,0,No Downtime
2024-06-04,L02,496.799081009006,88.53198406500675,7055.75062559231,491.028948666946,55975.19199320187,3,Power Outage
2024-06-05,L01,158.1302705332787,94.67312592753395,17178.74098989753,746.7270095937097,33614.14616980545,0,No Downtime
2024-06-05,L02,113.1639121606164,88.20531258940483,16130.06443185993,944.8677270901047,28927.58775470481,0,No Downtime
2024-06-06,L01,424.3943178893719,94.57392836435594,13922.02763541722,385.1748579683769,41271.66862377009,0,No Downtime
2024-06-06,L02,268.0843366263811,90.85906831776101,17269.41681496404,751.4681594879811,95898.1041429196,3,Raw Material Shortage
2024-06-07,L01,493.1957242500296,97.98107569763665,15815.40275760682,846.80492184603,54788.16306863262,1,Maintenance
2024-06-07,L02,329.5427461701646,93.57762967626502,14704.24678489169,919.8195817516472,49596.82765281503,0,No Downtime
2024-06-08,L01,130.7569041224534,76.9086960028184,12827.22837821264,732.9513738764248,39173.40720533444,0,No Downtime
2024-06-08,L02,418.4120124951813,75.73865193926774,11995.96288674534,176.3008672208925,77510.30358723305,0,No Downtime
2024-06-09,L01,352.0151874462216,97.9534337556178,10066.30477666237,225.4766913991489,69077.61201380691,0,No Downtime
2024-06-09,L02,356.4097551361245,86.1742205849623,8005.774027649242,812.5529531713453,97121.79835505219,0,No Downtime
2024-06-10,L01,187.3250729461682,83.67780251048875,13683.95460403014,851.3207216198796,41757.16621465267,0,No Downtime
2024-06-10,L02,481.8817397012494,87.61962679865863,5925.124342521731,653.1033724842586,69552.33524386543,0,No Downtime
2024-06-11,L01,149.6314168267307,89.22600803579135,7622.94591643587,555.9817036385182,73183.09007891397,0,No Downtime
2024-06-11,L02,412.9861869293467,83.12381491309047,6255.374168082646,504.071976723005,70028.39892494061,0,No Downtime
2024-06-12,L01,165.4304831395274,76.72743329789472,9583.35875801319,214.5848297483189,86236.5066297108,0,No Downtime
2024-06-12,L02,335.8191167362888,75.01372548066908,15030.57305785359,533.502965030209,40628.15631591914,0,No Downtime
2024-06-13,L01,155.2227101420893,92.12126794940298,7838.100476828363,135.4423178964726,93354.04015241384,3,Mechanical Failure
2024-06-13,L02,114.2025544153282,81.20684338155682,19818.43041250936,186.780349397685,98570.56759861068,0,No Downtime
2024-06-14,L01,319.6387014844679,85.8327757257578,11782.52505056807,929.5921851625783,81409.00578591441,0,No Downtime
2024-06-14,L02,456.6692668800352,81.49873318266623,11379.52307596871,934.6989386756084,62045.20670033502,0,No Downtime
2024-06-15,L01,499.828845373547,79.29388537103952,9203.83226455214,105.2201765452954,31977.63817045453,3,Maintenance
2024-06-15,L02,429.5871425967508,90.33516422044686,7932.020175806839,648.2242069374806,93412.15738739677,0,No Downtime
2024-06-16,L01,342.2207402599414,93.47248594310548,7645.270709982549,373.6931579905024,23940.96450677776,0,No Downtime
2024-06-16,L02,102.4915187598462,90.21296814711681,9029.094765823991,253.5975913734531,65441.83515977597,0,No Downtime
2024-06-17,L01,403.1953917215217,84.40558223070212,7864.112943176353,879.5762368086992,73347.78956694184,0,No Downtime
2024-06-17,L02,422.5740869223605,76.53790718692012,11323.03799922063,407.9201669089697,90602.62361058297,0,No Downtime
2024-06-18,L01,398.7439718051055,82.17351322858379,17713.07406382569,258.2031104558521,52020.36235951054,0,No Downtime
2024-06-18,L02,258.494381831253,96.45787814417164,8850.412158552777,125.566007628121,35614.22495064836,0,No Downtime
2024-06-19,L01,315.4149396035655,86.76282724864714,5615.86212954554,856.1014008656102,72580.62960863291,0,No Downtime
2024-06-19,L02,145.4321486289966,90.42507601518018,11737.88765013991,663.80658298668,60451.11563393387,0,No Downtime
2024-06-20,L01,273.0517888602745,84.19049980292046,16638.24489573303,142.9908554821738,99017.21010135727,0,No Downtime
2024-06-20,L02,205.6186071923365,95.45224993536578,11459.06200219175,632.7550878839629,32590.34286170701,0,No Downtime
2024-06-21,L01,480.3711383947384,97.74699804008114,6591.633755536152,881.212964941624,96511.56563342382,0,No Downtime
2024-06-21,L02,319.1033570784222,97.16329529389708,14922.40862769952,239.6149542683338,82667.277658365,0,No Downtime
2024-06-22,L01,155.9786720576269,88.63764565029537,7201.349930622368,805.8530619582889,94858.82371489298,0,No Downtime
2024-06-22,L02,141.7114302376492,90.385549118765,12378.00391185594,737.4128452679238,42839.40524646229,0,No Downtime
2024-06-23,L01,253.7169588303498,78.53034547656945,13811.86935897608,429.4091858745258,79355.91687047888,1,Maintenance
2024-06-23,L02,253.5400883547443,83.5496487286594,19062.88004327165,544.5535497320163,72386.35656031116,2,Mechanical Failure
2024-06-24,L01,230.8671423771179,88.79200264657145,17746.94392712772,845.9487154397657,27689.59473205769,0,No Downtime
2024-06-24,L02,417.5546686801069,85.75179890364745,13324.31587978511,867.078573708896,36711.58113721999,0,No Downtime
2024-06-25,L01,215.0667745301359,89.17661362220626,12190.63527102758,185.8203993119459,82042.06134902805,0,No Downtime
2024-06-25,L02,427.8406450570625,81.37927900330719,11328.98430174256,901.7161544947646,31255.92876465329,0,No Downtime
2024-06-26,L01,336.8226321616709,95.11960213089178,12100.21890876685,404.6775462183104,68010.0215443713,0,No Downtime
2024-06-26,L02,237.8236562622431,91.41003432787022,5054.981540996327,919.8114872069209,57749.32563602586,5,Maintenance
2024-06-27,L01,487.1233997432529,77.13476482137474,14530.4388457301,825.5651788806956,41533.02766825526,1,Maintenance
2024-06-27,L02,258.8444936879496,87.46595403115458,12931.31876270142,880.7912985533543,70241.81272010719,0,No Downtime
2024-06-28,L01,378.5803668747005,93.01570389960736,13904.52239728919,894.9713445631944,31689.19610299129,0,No Downtime
2024-06-28,L02,382.7887962040195,93.1509544574214,14004.35207780867,991.2181587835752,37577.89007980295,3,Maintenance
2024-06-29,L01,428.7938630215908,87.05513079050152,14812.86289335713,464.6302980402124,77554.3318383419,0,No Downtime
2024-06-29,L02,331.148221069753,83.9679966960857,9881.490081978489,369.7925466402426,71796.48471364795,0,No Downtime
2024-06-30,L01,440.3477951516517,96.6028182941011,14003.33016611505,824.0837170867676,41705.87828079807,0,No Downtime
2024-06-30,L02,476.4175628650548,79.62932919722181,8897.993423991484,614.789863105128,57536.79917305559,3,Maintenance
2024-07-01,L01,302.0996622422156,89.17361457425974,8587.395550895872,270.6108567424302,34594.57971505469,0,No Downtime
2024-07-01,L02,192.4887875616149,96.65940601919601,5324.459813453757,510.5910695899227,49205.63238130874,0,No Downtime
2024-07-02,L01,116.7851309020456,92.15601463002537,8266.613838577348,390.0166787359206,51148.17607544579,1,Raw Material Shortage
2024-07-02,L02,128.3958446208381,89.20726599900416,9925.502478675848,489.483362220034,71197.576345035,0,No Downtime
2024-07-03,L01,162.1663973852116,76.26033903837796,12608.06542335818,695.4092251887557,32376.82542425842,0,No Downtime
2024-07-03,L02,463.9626127722955,91.44097818933481,13012.14418980286,342.5894572516862,97460.69794951525,3,Maintenance
2024-07-04,L01,275.8261046961718,80.82192765480826,6346.703328746345,784.6809590398875,35578.77400607171,0,No Downtime
2024-07-04,L02,344.0003547789649,77.72093091495061,10212.54953879944,346.5176491703882,62093.69657243179,0,No Downtime
2024-07-05,L01,113.9797587894524,76.29056611651777,14504.04762770013,576.7444194357724,23842.4600096818,2,Maintenance
2024-07-05,L02,344.771643651633,80.03949503049354,15203.77258138138,595.339150454072,21721.12687042053,0,No Downtime
2024-07-06,L01,206.5741403593101,78.41449464707458,13562.8059072995,131.7731157025426,90045.01006543539,0,No Downtime
2024-07-06,L02,174.9304155685468,96.95621232009051,7866.917447513124,127.482152628057,28510.15711403289,0,No Downtime
2024-07-07,L01,389.8191134786957,92.81247030534882,17751.93853742307,398.7853772154539,68991.21571921025,0,No Downtime
2024-07-07,L02,476.4572041627349,93.37755978460014,6954.429914125891,473.0066552754435,88581.84011553263,1,Raw Material Shortage
2024-07-08,L01,168.3733710231212,77.99212708858592,11613.44908547945,813.3480770836422,99014.5189528815,0,No Downtime
2024-07-08,L02,277.2456311520078,94.29060372767746,14651.64739392971,815.3730554944846,87577.32891099936,0,No Downtime
2024-07-09,L01,415.6251567312312,78.30813748584052,6243.864223143365,592.9824525868232,64107.17514475041,0,No Downtime
2024-07-09,L02,496.338838893247,87.84908032860685,8741.709596978491,697.8254527126213,55325.74642905404,0,No Downtime
2024-07-10,L01,354.7223137342767,86.79587108045929,18722.57645893363,501.2217097652347,71816.01345481249,0,No Downtime
2024-07-10,L02,328.527218792663,92.75738279722714,13076.09596636242,573.6030131088582,36775.71527879933,0,No Downtime
2024-07-11,L01,381.8211388346023,80.52221676856163,7113.529870124313,841.8742597197835,72610.04342456767,3,Raw Material Shortage
2024-07-11,L02,281.6860124731921,83.88008967830805,10362.58968773959,852.332740733911,25244.4420844683,1,Power Outage
2024-07-12,L01,128.6736906742157,93.82793544469146,14003.10361030678,185.4079244301668,64164.28287453919,2,Mechanical Failure
2024-07-12,L02,497.7650941578964,78.10511719506005,11986.79852980591,273.3866059397275,79610.42975706732,0,No Downtime
2024-07-13,L01,289.3539791386461,82.66335391647448,17974.69194860712,671.7815867911979,97976.33332960897,0,No Downtime
2024-07-13,L02,156.4708699172479,78.8064396746221,5413.154681274812,896.0562029665147,22945.47115774416,0,No Downtime
2024-07-14,L01,497.1885725628185,76.55158823540582,10199.27859294352,764.8622578819084,67031.13237739232,0,No Downtime
2024-07-14,L02,106.7202336712979,83.72184307768836,7715.434133056739,201.8650999480854,96694.30982606318,0,No Downtime
2024-07-15,L01,184.3924832886654,94.1158601546083,13164.55605581361,285.3502198007383,95137.89978001623,0,No Downtime
2024-07-15,L02,437.0300102161914,86.08622986572078,15131.31348760713,802.9064443302733,30251.20743609917,0,No Downtime
2024-07-16,L01,425.2422262748136,93.7030687844071,14305.94737559804,962.8274566846785,69840.84082420709,0,No Downtime
2024-07-16,L02,204.1424418181026,89.88497892028857,9684.675363921146,515.5193931509896,50283.93376337521,0,No Downtime
2024-07-17,L01,227.1083508275854,90.73289814330386,14620.39900294698,535.5078187005149,23317.49087997168,3,Maintenance
2024-07-17,L02,210.5350313139791,95.93451651673914,11996.86845608644,250.4765868148718,69938.52713539175,4,Mechanical Failure
2024-07-18,L01,123.5590959317751,75.91853706474934,12553.75552790653,881.4123120193407,22826.87540985861,0,No Downtime
2024-07-18,L02,157.3370431299463,75.5789772171394,16088.35963662409,160.8635265274825,68771.89610871574,1,Raw Material Shortage
2024-07-19,L01,271.458839763493,82.29823980396955,6892.070964265073,201.6168360203673,41274.92573049993,0,No Downtime
2024-07-19,L02,200.0267461340124,88.86869410421245,12003.62819184835,640.5532594294044,42597.00117776815,0,No Downtime
2024-07-20,L01,124.4347110737454,90.06179778786793,7032.438465693102,809.434742779651,71950.41351946155,0,No Downtime
2024-07-20,L02,364.8367768253765,97.29500111756937,5498.023846718891,393.5390921798528,65890.79854167867,0,No Downtime
2024-07-21,L01,137.4812876674513,75.48823448664196,6207.63524772241,781.1900053571151,80964.02231204812,0,No Downtime
2024-07-21,L02,289.6373690606436,95.51345207967873,6755.931638940521,583.8330079213982,36228.81306754112,0,No Downtime
2024-07-22,L01,366.0589451518962,93.04496935053112,11429.14185179158,609.4072027683035,56996.26045702511,5,Power Outage
2024-07-22,L02,461.1426583991217,75.21353500724727,13385.717887909,938.4705316418258,82178.5606291283,0,No Downtime
2024-07-23,L01,389.7687627984193,93.4165462525264,18377.20534250901,740.3699482520308,82003.08549027538,0,No Downtime
2024-07-23,L02,126.3950922015546,89.7133944358548,5848.731853076997,206.1360001305742,41941.33871399185,0,No Downtime
2024-07-24,L01,129.6944710002705,88.11636890527406,6648.128176250057,202.9849179853467,87281.27622437276,0,No Downtime
2024-07-24,L02,415.0837180025659,77.03500300596156,10326.50031151015,150.0194805319791,93650.5397662898,0,No Downtime
2024-07-25,L01,284.4961392530718,95.56834542724893,13290.50205162337,603.0916135284989,46298.80202100206,0,No Downtime
2024-07-25,L02,381.4375482260999,84.02758136123585,12528.69034293302,391.7752884832043,65858.45674642734,0,No Downtime
2024-07-26,L01,154.0926566037138,88.40062804309967,17151.81366337562,452.8191871569661,47211.65978362797,0,No Downtime
2024-07-26,L02,331.1797251779855,83.0233917118238,16908.46897429873,357.4778068445253,62551.06643242152,0,No Downtime
2024-07-27,L01,112.7418609968709,81.64561776262465,9907.548987879012,785.2650065531119,55066.82765394484,0,No Downtime
2024-07-27,L02,401.8880276598661,78.50034658714705,12334.66224903527,601.3298914183795,68529.7220328012,0,No Downtime
2024-07-28,L01,106.9551120339539,94.07807339125415,10764.65398812156,890.2119830267471,26358.40712272044,3,Mechanical Failure
2024-07-28,L02,486.7607331021773,90.91317514379051,10131.57780949226,273.6563630931926,28100.10053713802,0,No Downtime
2024-07-29,L01,231.0700546820368,81.19956080303197,19004.7916819032,141.0947610511251,26800.78260017321,0,No Downtime
2024-07-29,L02,239.5885185081299,81.95291318773093,16964.58282051008,352.852476446171,75429.4164812323,3,Maintenance
2024-07-30,L01,183.3240158253741,95.64227223790994,16981.06631286696,708.1751917976782,67154.5726680339,0,No Downtime
2024-07-30,L02,476.7612256132877,79.0556791207484,19910.73861180471,220.0156697502488,20554.36041140149,0,No Downtime
2024-07-31,L01,280.7911265811299,86.28098203867533,9751.66833812791,140.4545534847331,45686.4671649565,0,No Downtime
2024-07-31,L02,193.657184165096,79.3225939465741,19519.64065442839,514.6530633054886,59129.09508557735,0,No Downtime
2024-08-01,L01,158.3967620688845,83.30712012838951,15213.04634410878,859.0965862310885,25901.45987597832,0,No Downtime
2024-08-01,L02,158.0903399214519,77.25676522420571,11099.00444821393,372.6496525266376,50320.08680482091,0,No Downtime
2024-08-02,L01,345.9845878186634,93.20467257284918,14431.18953827879,775.9863495857599,85172.9033362939,0,No Downtime
2024-08-02,L02,127.2192158769233,77.61372748933101,19988.59867621414,339.8201259244341,95583.95314085846,4,Mechanical Failure
2024-08-03,L01,118.084488637159,82.21669021505448,17393.74581792895,821.7881456887459,98884.17371615928,0,No Downtime
2024-08-03,L02,336.5918609702428,89.78923744627959,6597.086891701561,548.6863087794648,33819.18589374075,0,No Downtime
2024-08-04,L01,371.547327396654,80.6077863413288,18498.68435520856,418.5730527276182,59334.35111493227,0,No Downtime
2024-08-04,L02,175.6668499959964,94.66523426649269,17800.80131062018,334.7902642235223,92265.262441723,0,No Downtime
2024-08-05,L01,319.9613676859055,92.24618388560472,8252.228488458457,930.8545639648919,24869.80258089352,0,No Downtime
2024-08-05,L02,190.242571382106,79.05485388034069,13382.3326677023,416.1548675699125,21451.06051064218,1,Mechanical Failure
2024-08-06,L01,395.9348568436097,80.95297006223674,5501.665057235126,194.1695268545405,84465.57913468243,0,No Downtime
2024-08-06,L02,475.1712917007947,95.73664464550072,9255.695579011144,481.1685702431149,77527.32014464508,0,No Downtime
2024-08-07,L01,418.9388394735853,76.7842214667246,10871.43895902928,312.6238986669589,51609.73244257196,0,No Downtime
2024-08-07,L02,131.9631820280094,83.96163986128629,18896.58428906305,626.1353639572513,62719.64834160624,0,No Downtime
2024-08-08,L01,463.4134907367022,90.36875648473104,14534.63510315304,760.0670286927545,66361.40198688785,0,No Downtime
2024-08-08,L02,443.4885782592632,76.33470124311894,9673.134385630223,764.0540824533573,27885.59970077966,0,No Downtime
2024-08-09,L01,136.2742722803425,89.87716189367343,13882.63091553602,288.35697728012,61050.02426827541,0,No Downtime
2024-08-09,L02,434.4224319704689,78.34628660465218,11498.98962496299,449.9030229233658,52308.43217939539,0,No Downtime
2024-08-10,L01,402.0654346394977,78.17660970908103,9268.765539227441,381.981209444217,81249.82648612632,0,No Downtime
2024-08-10,L02,246.7685377578447,78.48567280099593,6528.803965589574,144.2895847340227,90584.66652254664,0,No Downtime
2024-08-11,L01,285.1742115534861,86.23630433534971,6354.640056582852,923.306426222479,38123.17964916478,0,No Downtime
2024-08-11,L02,295.4848856981827,85.8861064953087,9467.781524233957,107.3992193980444,55590.35901990737,0,No Downtime
2024-08-12,L01,433.1586734517931,95.24004155640189,8622.1351362174,798.6430308893871,48597.30260963463,0,No Downtime
2024-08-12,L02,134.1681732992765,85.88237896483432,14111.14515020916,185.085082949174,60864.93946668346,0,No Downtime
2024-08-13,L01,381.100250143213,75.16092116821947,8773.239072629427,819.8615813240635,26983.10297954316,0,No Downtime
2024-08-13,L02,460.1769797014515,82.13893370116305,17561.80991554158,847.5997447545292,64327.61578035716,0,No Downtime
2024-08-14,L01,470.0425018423751,86.59529578082278,9567.527822110154,293.5797582927673,58533.07325904351,0,No Downtime
2024-08-14,L02,192.1726133397614,82.35092830227849,19783.2230617663,849.2632774436792,64901.66312461896,0,No Downtime
2024-08-15,L01,278.4386257073342,97.366576273472,6395.434096452645,831.8156908307644,60020.07779985043,0,No Downtime
2024-08-15,L02,327.4832969377006,82.40696848651962,18968.78721733436,606.2065127179978,33559.95482333754,0,No Downtime
2024-08-16,L01,399.7661155705778,96.57096910619497,11524.91018059852,613.3137417057809,52582.58213243725,2,Maintenance
2024-08-16,L02,467.9385127982638,86.22944395993545,11616.94404743189,310.0486710502863,67555.70282504844,0,No Downtime
2024-08-17,L01,443.7827687601298,75.098368807232,14242.89763030911,154.0108033570098,57165.25165615623,0,No Downtime
2024-08-17,L02,235.6476427930956,88.08597425067148,11875.80530683981,532.301949966329,36571.91244600641,0,No Downtime
2024-08-18,L01,327.7897852754115,84.05363964737074,14040.78505416857,377.0917068345418,80270.37911502452,0,No Downtime
2024-08-18,L02,297.6230048665293,85.58226014126676,13408.34192078351,648.1960107255913,55374.23469730969,0,No Downtime
2024-08-19,L01,327.4077577242915,95.44496485231429,9309.64526671556,565.3979311108637,98915.24797033338,0,No Downtime
2024-08-19,L02,245.0258863713502,88.11706017363294,12879.20885025071,711.2558457554994,64416.19467058021,0,No Downtime
2024-08-20,L01,334.570167993621,78.15897297755836,19999.46673772729,719.9128948369947,97048.7301456714,0,No Downtime
2024-08-20,L02,156.4929783951423,86.90947748938149,12310.79366207014,168.0764729499552,68736.58707562085,0,No Downtime
2024-08-21,L01,354.0939220275687,88.46521144595377,11602.39885825321,291.2815965442512,57839.68015820309,0,No Downtime
2024-08-21,L02,316.4234220733146,93.01975215085146,19087.53467620659,233.8828469719859,59543.97280180893,0,No Downtime
2024-08-22,L01,219.6872029267498,78.70614535772188,14938.07136181134,694.4286108881713,87071.4416632912,0,No Downtime
2024-08-22,L02,147.8809340788365,90.00951662369535,19932.89911771112,940.4280114964793,74266.69184377052,0,No Downtime
2024-08-23,L01,421.5080914787223,96.43430117583513,16579.13907109864,154.3511239195346,73516.97726272471,0,No Downtime
2024-08-23,L02,166.5858793055584,89.01855435047065,19898.6257168439,161.4278548518311,39964.24785596342,0,No Downtime
2024-08-24,L01,174.892849150667,88.18093299538498,17206.73564935685,829.1122438678728,57470.63122415305,0,No Downtime
2024-08-24,L02,241.3732224191264,84.48342638283947,5258.915448608145,405.9992475877806,42689.88463659458,0,No Downtime
2024-08-25,L01,495.0207116180969,82.20068809750056,18738.09273132924,710.9102320275186,94546.60061575836,0,No Downtime
2024-08-25,L02,252.7803000110943,84.56451781851632,17788.37831058079,449.6140544417699,77494.1464129998,0,No Downtime
2024-08-26,L01,243.5301009531673,76.10538406943836,12513.58265496958,128.922953954924,49499.47059054198,2,Raw Material Shortage
2024-08-26,L02,192.7794050955429,76.46865290949034,14069.56653683628,854.2433496270053,34727.63085943517,0,No Downtime
2024-08-27,L01,203.9400561477431,97.17149982996371,15048.75513209135,558.0970741671883,88652.17508002464,0,No Downtime
2024-08-27,L02,194.0769013116158,91.80067617334883,17881.69982509805,669.4031403882916,68586.92253785918,0,No Downtime
2024-08-28,L01,330.199769334355,92.45164163058115,11572.40837049845,409.1798314478108,68551.09945789614,0,No Downtime
2024-08-28,L02,325.3477016045496,95.22565558366077,11016.54538314478,489.639776855347,86493.86571410856,0,No Downtime
2024-08-29,L01,344.8741300531375,80.17573216214032,18173.41761238466,244.7616352582083,32776.19271349095,0,No Downtime
2024-08-29,L02,453.1373732364924,82.74138004531702,10763.99949628257,419.0610884760685,79727.51743924117,0,No Downtime
2024-08-30,L01,269.6064478932462,83.96779166668848,19017.06938710692,654.8544935598682,86471.10986622567,2,Maintenance
2024-08-30,L02,332.8446772251502,86.9601606093673,10588.32920421298,913.7823892262121,22236.37758016857,0,No Downtime
2024-08-31,L01,430.5140752065769,87.57601102643478,12336.43604746685,367.8643390076126,73004.51240766549,0,No Downtime
2024-08-31,L02,419.3925881300492,76.94918727512946,7320.912026714777,388.2027786989856,63298.36789194195,0,No Downtime
2024-09-01,L01,488.9190527191157,96.28394845830802,16799.50312406218,327.4480272626295,64900.9527236166,2,Maintenance
2024-09-01,L02,427.1298669022411,95.755420689903,14204.22296948927,393.4579922964953,31152.68003730736,1,Maintenance
2024-09-02,L01,371.7715165657805,94.02732602867053,12249.42309926162,534.2443974531966,86870.13234470568,0,No Downtime
2024-09-02,L02,226.3924405674768,78.45396854651909,11970.42534607387,909.4510918761596,99262.18786124016,0,No Downtime
2024-09-03,L01,143.7456092071883,92.62441273549305,14196.49475130825,621.4771914524769,68790.8724819942,0,No Downtime
2024-09-03,L02,264.0734014104664,89.29670206050214,9344.185843178726,939.3826395124992,60167.46679962594,0,No Downtime
2024-09-04,L01,366.0652609319776,81.30336024663461,12076.9098891905,765.0918549632305,64376.40286035195,0,No Downtime
2024-09-04,L02,202.0215435821614,85.25722599801195,12315.82350853411,250.5849567959308,71743.50382860887,4,Mechanical Failure
2024-09-05,L01,210.8854987397805,84.70922344695062,9114.393160618038,810.0955858071418,44332.14987058863,0,No Downtime
2024-09-05,L02,166.0366216799169,96.9856472659508,6518.668704743644,761.4772355842746,56225.6725005219,2,Maintenance
2024-09-06,L01,364.6932474115377,97.04909718400675,19660.49049849768,804.3088971439525,81900.15651963066,0,No Downtime
2024-09-06,L02,349.0412566347754,84.55135969597717,14533.52002952556,147.8046011558154,69119.02981361252,2,Maintenance
2024-09-07,L01,317.792106231617,80.4694763897528,8791.124062855044,918.2148477395333,83564.77940483777,0,No Downtime
2024-09-07,L02,363.1588401627417,85.01138730449202,11047.33103120709,857.295630223062,88469.9743877164,0,No Downtime
2024-09-08,L01,155.9081335850957,80.4853037471218,11878.93974049985,562.0873094192082,61186.29766935623,0,No Downtime
2024-09-08,L02,178.5428990213282,94.77077825591394,6456.274201242073,902.530126135832,20260.51412314723,0,No Downtime
2024-09-09,L01,426.0972710564329,88.25288450346928,7820.95591487534,228.9287764214006,49613.41820070001,0,No Downtime
2024-09-09,L02,412.0262178226156,75.06385652517488,15616.60550535037,732.7996035901363,20245.81282538008,1,Mechanical Failure
2024-09-10,L01,324.7272400268752,91.39166630469313,15389.36887425795,593.986293714238,58978.07985590762,0,No Downtime
2024-09-10,L02,365.2028413791697,97.50660676788485,9043.834007488604,507.4206856292484,92078.15000709039,3,Raw Material Shortage
2024-09-11,L01,218.1072628695338,75.29393175563972,19643.30522782007,185.5795167684566,37640.71560987316,0,No Downtime
2024-09-11,L02,358.0178732882443,94.04585965192908,18385.976103183,398.4313749691681,49286.94631892561,1,Raw Material Shortage
2024-09-12,L01,319.8683971571057,82.1546710737213,19330.0776224993,621.7308835175156,37508.25425374608,0,No Downtime
2024-09-12,L02,273.9656648653965,97.45314931946022,8910.015980441787,896.0132169883167,99213.52898530728,1,Raw Material Shortage
2024-09-13,L01,203.8770043402762,82.68598888648617,16519.80182125503,152.2739273026461,28410.67313866998,0,No Downtime
2024-09-13,L02,281.8786480107549,80.70676997181093,13183.02383335603,951.9275205353152,97275.04541660174,0,No Downtime
2024-09-14,L01,170.7196624689863,83.84002215250433,17719.49712175725,132.8330396384258,44116.54535941836,1,Raw Material Shortage
2024-09-14,L02,458.6694034413856,76.0279327289953,15799.45703516792,769.486047486432,95596.04630364553,0,No Downtime
2024-09-15,L01,345.8725885848003,86.94152014397504,15234.53236801833,714.8673315003891,89232.76936856331,0,No Downtime
2024-09-15,L02,324.7282321463256,79.60162683487141,6863.013623636014,486.9107401608481,32610.26689322126,0,No Downtime
2024-09-16,L01,215.1258497242547,85.25972704091355,14212.08197759289,281.8852930032615,76320.42634929522,0,No Downtime
2024-09-16,L02,410.9875201622497,85.53624357065577,16298.36404303293,114.5826253665405,88731.91620174746,0,No Downtime
2024-09-17,L01,297.3305819347911,90.35917505608128,11792.30102059225,740.3647210978635,85584.9010113779,0,No Downtime
2024-09-17,L02,156.3830781481616,97.73512383648921,6823.472769378963,503.5422784950738,42193.22088766556,0,No Downtime
2024-09-18,L01,161.6214606392758,83.97631607424101,14374.12915072494,814.70740548766,22594.18099754039,0,No Downtime
2024-09-18,L02,263.9669695317953,80.70241316673338,17228.18672531797,910.8844830823799,30403.00144694535,0,No Downtime
2024-09-19,L01,439.037795861778,92.84004226287641,17166.64446239331,283.0512054922771,66297.35754448298,0,No Downtime
2024-09-19,L02,312.6892449184423,90.48208103529404,8912.578803983253,634.2558508319736,29656.03439780174,0,No Downtime
2024-09-20,L01,150.0725580418312,91.5205984133151,18136.28685819783,369.9943387705356,94325.34261540038,0,No Downtime
2024-09-20,L02,473.8198694030135,80.8799829387724,11652.51904199315,498.7396338853159,39576.85456577646,0,No Downtime
2024-09-21,L01,442.7858942513892,85.52982875014888,16018.76828018447,254.270922738237,95654.36046381935,0,No Downtime
2024-09-21,L02,273.2697722787092,85.83408711391675,13887.79724963561,909.478072615663,31273.01558703235,0,No Downtime
2024-09-22,L01,419.1129362236259,90.96958714476516,19962.24369016785,603.3986459405291,56235.56933810352,3,Maintenance
2024-09-22,L02,482.4471804447402,92.0325008855754,16209.73859796497,877.8631754330871,87565.43965651526,0,No Downtime
2024-09-23,L01,380.9510597946373,92.40456080253998,8849.134682347529,902.017585617471,68815.09623401242,0,No Downtime
2024-09-23,L02,455.0014136921269,89.29394463723372,17680.6958975005,636.6392875837365,66466.49546027314,0,No Downtime
2024-09-24,L01,315.3397636517534,89.9528837536757,15309.23405993471,156.9861746701716,82871.92008421497,0,No Downtime
2024-09-24,L02,444.3691613207876,91.66491208557794,10684.44505561597,833.3523723465746,31315.55953526191,4,Raw Material Shortage
2024-09-25,L01,331.6820820004006,91.86131455473941,16122.71082168466,922.5784073069982,93330.95251167334,0,No Downtime
2024-09-25,L02,376.3695228662252,80.77596694781742,13015.04384839428,153.2779248966581,50743.08476149128,0,No Downtime
2024-09-26,L01,125.6896839643139,96.39773022880202,18034.97407662065,153.1020757424888,31865.76701892306,0,No Downtime
2024-09-26,L02,452.5224420789329,90.89554437425706,7408.05683184852,751.6423230754988,70249.34641559987,0,No Downtime
2024-09-27,L01,109.3603153878888,83.89996877553713,5883.597556338658,121.7567155663126,40396.68906810976,0,No Downtime
2024-09-27,L02,479.3021628889412,81.75756701123393,17332.3867721199,432.9158722402999,26062.79450954832,0,No Downtime
2024-09-28,L01,134.0563993771888,90.54357405150458,16253.10501718941,646.4737713045214,26247.28580873237,0,No Downtime
2024-09-28,L02,122.5325585304921,82.60384775337447,5627.368725216997,180.4805165562804,32526.11532114617,0,No Downtime
2024-09-29,L01,273.213985129114,90.67606457643052,10132.64121595392,583.5973316926161,42766.44298596882,0,No Downtime
2024-09-29,L02,482.2730910334599,97.58294735287049,13950.52887130131,233.8161772492505,91259.13747627716,4,Mechanical Failure
2024-09-30,L01,175.5625000261631,84.75344982618856,7159.348570987962,707.3197339500481,34343.38614067172,0,No Downtime
2024-09-30,L02,482.2166297872184,88.50910035124807,10214.81994920602,563.1585238940316,23399.78422701514,4,Raw Material Shortage
2024-10-01,L01,447.9187310639734,79.40447346110919,9334.62130068912,369.4007581423804,36007.53514893953,0,No Downtime
2024-10-01,L02,344.6773489715908,88.06874054820966,7771.677761461547,793.2457304150109,27148.80167070264,0,No Downtime
2024-10-02,L01,430.0054606466814,90.58601859457954,7066.649317935142,973.9806438105468,94528.51631565567,0,No Downtime
2024-10-02,L02,124.8042049980664,89.01884496903524,17544.53542530279,548.8426169072961,95845.76373589184,0,No Downtime
2024-10-03,L01,328.4128428623848,93.05238611390917,18739.49242974434,384.5840820027975,64800.15672423105,0,No Downtime
2024-10-03,L02,111.9896222183371,77.42017656821736,13238.70543481426,862.2673953972368,83141.02886321419,0,No Downtime
2024-10-04,L01,372.2618496203809,84.15741350959094,8187.028567819232,946.5114289549668,32873.54757547384,0,No Downtime
2024-10-04,L02,351.0387930198913,86.3152145108244,10691.51137497466,843.2154768827573,31521.10580193422,1,Mechanical Failure
2024-10-05,L01,100.6757620626503,76.43308723956545,7612.569394507549,601.6399738486942,40156.86667357382,0,No Downtime
2024-10-05,L02,475.4164550840919,94.3750789490468,10272.93499472622,143.6521932140896,88382.21413903416,0,No Downtime
2024-10-06,L01,166.5898847002703,78.86290954654376,9818.915694413838,744.8324504911815,31947.68907497948,0,No Downtime
2024-10-06,L02,216.6314538356528,90.80940084409916,9611.813424066117,647.6369880905055,90075.9977452577,0,No Downtime
2024-10-07,L01,205.8554718011243,88.2954022863849,5650.31797041395,522.0014006087022,30322.54573809606,0,No Downtime
2024-10-07,L02,142.6670631360602,97.8859011215946,17447.35327587813,759.7869266355847,68979.67086250472,0,No Downtime
2024-10-08,L01,206.2984780673495,88.8914210089869,12067.49753214919,156.0018272279434,88377.67203244934,0,No Downtime
2024-10-08,L02,141.339176149777,76.0875253575083,17518.56806332564,885.3591373455164,92459.25275837192,0,No Downtime
2024-10-09,L01,369.5066132425954,95.55439633737399,16773.37074132427,541.5117388306053,82823.17070696349,0,No Downtime
2024-10-09,L02,244.3604139593385,81.5843219068558,10293.82039600298,410.0893516424594,76245.22733821778,0,No Downtime
2024-10-10,L01,440.7673392468403,75.42357832931542,17715.05531286466,515.148653549724,52456.03463786484,4,Raw Material Shortage
2024-10-10,L02,325.8164329059302,88.25976104038367,9929.561941444044,311.2078162061545,98174.14230187227,2,Maintenance
2024-10-11,L01,327.8054788941443,77.43427399464174,6325.730458196179,488.049922131822,51454.26831609641,0,No Downtime
2024-10-11,L02,155.690383651731,90.38242780394866,18664.47065785616,425.6472832285829,51631.70758918431,0,No Downtime
2024-10-12,L01,274.9459416079669,84.00188209684161,13803.58401620978,306.5651715410723,85949.95684280593,0,No Downtime
2024-10-12,L02,341.5318516375218,86.56325603392584,6577.901916566954,171.5198214754369,45400.8335490921,0,No Downtime
2024-10-13,L01,327.7232255622182,96.29700904649451,11378.50446320426,236.6771243935211,34770.79914292497,0,No Downtime
2024-10-13,L02,413.8413677636187,89.59803544063458,7481.435603223983,826.4961533635935,46239.22019226188,0,No Downtime
2024-10-14,L01,353.7650925554216,87.97910973083903,5780.884088778496,527.3307706845553,31583.76168795628,0,No Downtime
2024-10-14,L02,386.4918449965781,83.09355383056685,5964.234973938645,863.5309046157315,98583.15179642962,0,No Downtime
2024-10-15,L01,138.2392178074684,86.3998253857065,10741.50788728179,646.305876936267,83837.5805375874,0,No Downtime
2024-10-15,L02,390.8202297979544,78.41924129683008,10300.25059443544,354.2234806597367,84103.13516021258,4,Mechanical Failure
2024-10-16,L01,471.3112991892572,86.5423899190018,6471.959541376158,629.9111788480312,64000.56776987381,0,No Downtime
2024-10-16,L02,298.8063174778473,75.06371232579146,19900.2596448965,585.4407100212939,88333.46922225265,0,No Downtime
2024-10-17,L01,465.6293577696339,93.03722044623673,15426.01235487035,119.297605508098,50094.69009139682,0,No Downtime
2024-10-17,L02,100.8659101011653,79.43603916358414,18050.84840146428,375.8097878317946,52977.08476010669,0,No Downtime
2024-10-18,L01,167.3204369151426,76.97263746617931,5764.296298566789,339.1542335471198,31210.53404412868,0,No Downtime
2024-10-18,L02,286.0818800265793,96.95157660343281,10033.93058818172,133.7222391756402,83155.42837658935,0,No Downtime
2024-10-19,L01,357.329873932068,85.67740011443024,7592.780075848757,809.5410446033316,37895.96661970607,0,No Downtime
2024-10-19,L02,420.3778530881984,83.22842263729355,16285.16935322972,144.741150322562,41101.3838892284,0,No Downtime
2024-10-20,L01,439.0921973829894,77.37130554918113,14582.94677331098,435.659606076276,59526.05869017811,0,No Downtime
2024-10-20,L02,460.7281497816977,85.51560722373945,18325.73504350181,765.4339458879473,41055.63507448135,0,No Downtime
2024-10-21,L01,333.7978561935932,81.56780359128722,9454.598401750336,768.508219474182,90768.15797308618,0,No Downtime
2024-10-21,L02,228.4249710291471,87.35950573479657,13401.30920659224,267.978328664607,21362.58017326219,0,No Downtime
2024-10-22,L01,366.0203651344344,89.68142712810757,13856.79449056403,928.1414391425716,37295.01293128941,0,No Downtime
2024-10-22,L02,404.5515297431383,83.29631424914771,11697.46202483591,158.3910723650052,60146.40261485406,1,Mechanical Failure
2024-10-23,L01,455.9824633831467,93.7504995910706,11836.21459461214,845.6294609960648,65819.18930569179,0,No Downtime
2024-10-23,L02,448.2502024380984,86.35007727066626,14134.22170081643,248.6065774526341,37461.62910611471,0,No Downtime
2024-10-24,L01,430.7306690004029,97.49725706069576,8752.609588324704,125.9074165809561,29912.45799814016,0,No Downtime
2024-10-24,L02,460.6365319546875,81.74310719632776,19900.54456065695,594.6077662265448,30052.11797606432,0,No Downtime
2024-10-25,L01,323.8649679741518,87.5953360525227,5303.673137202378,683.4945590061399,60054.62363273113,0,No Downtime
2024-10-25,L02,317.8071830161587,96.30699158243506,6918.893376086387,231.0292472301849,83937.469402354,0,No Downtime
2024-10-26,L01,471.7352081554823,93.59553277151508,11370.45632893362,252.6803110372427,92691.22216512993,0,No Downtime
2024-10-26,L02,139.235612459512,79.69657821837241,6779.670621306038,389.5073403809637,78954.60118259402,0,No Downtime
2024-10-27,L01,341.9889193665807,89.2919362651637,8952.64306551758,780.444436966747,44436.00374174822,0,No Downtime
2024-10-27,L02,158.7581935014601,85.55881968037455,18656.44396254683,625.8961689110092,59519.45387041574,4,Raw Material Shortage
2024-10-28,L01,393.0184444113441,80.98695540482447,5358.895598637336,677.0165333700611,71252.21113952817,0,No Downtime
2024-10-28,L02,281.4874563333598,77.62931413681264,10007.62622476753,151.3776239648276,53706.52906623502,0,No Downtime
2024-10-29,L01,399.8307515445545,82.07721927284132,8357.19524170073,294.6284047523771,34292.10080028068,2,Mechanical Failure
2024-10-29,L02,217.7376445023439,84.33929046390507,8131.088471717206,760.4521025333734,63765.69959060573,0,No Downtime
2024-10-30,L01,171.5231744301493,94.0218148533357,16592.32746597382,514.5861083850705,91412.42907637845,0,No Downtime
2024-10-30,L02,412.1237832062242,92.05869107457704,16930.35887657323,989.0916438622111,77507.57349093328,0,No Downtime
2024-10-31,L01,182.9796958607923,87.45190273423955,17292.28747487877,487.6040579188934,38114.8017350248,0,No Downtime
2024-10-31,L02,305.8082219029139,92.40383102453897,5997.251469052876,711.104543484651,29508.57533638352,1,Mechanical Failure
2024-11-01,L01,301.7934323506119,93.15411593413877,15634.76454354807,995.8617719840557,47983.27625719292,0,No Downtime
2024-11-01,L02,331.010357437638,97.20567111947913,17716.41209117666,128.448031682732,85865.48284615847,0,No Downtime
2024-11-02,L01,243.0323519852536,91.12534049359708,19599.67328901143,141.862492741167,79007.11886037432,0,No Downtime
2024-11-02,L02,366.6129153632961,86.20997111198793,18787.56708209985,955.1487649702174,62179.03604164135,2,Raw Material Shortage
2024-11-03,L01,279.3273651945807,80.84905915515131,15018.10997443737,396.6076992659748,50417.59917009489,0,No Downtime
2024-11-03,L02,283.625548580436,84.1610226532264,9638.63539025965,972.2240002293097,76636.41761677395,3,Mechanical Failure
2024-11-04,L01,131.4435000845319,87.91809853732688,9757.962409713204,500.7115393911309,50852.22434844208,1,Raw Material Shortage
2024-11-04,L02,186.1395567407687,78.26174938138489,8893.033864952366,554.743167798495,63233.54253342738,4,Mechanical Failure
2024-11-05,L01,471.8729648434524,96.02089551849011,17270.70620883696,573.23360443462,45631.58960160281,3,Maintenance
2024-11-05,L02,323.2857523117804,95.58538892331009,10666.24026794441,563.2365018715006,30214.0016587005,0,No Downtime
2024-11-06,L01,152.868397135975,87.80115144971936,10568.22907161354,153.9622476492383,76607.51741697395,0,No Downtime
2024-11-06,L02,112.7630222810286,97.50009365726788,10557.64501451582,164.1669590158401,32102.98350463566,1,Maintenance
2024-11-07,L01,366.3634147558549,93.99461717068793,8573.552405254324,180.2763764143353,67706.5655236547,0,No Downtime
2024-11-07,L02,192.0898058328289,95.00359229025031,10462.64305451836,695.0841772392297,46536.49812292284,4,Mechanical Failure
2024-11-08,L01,163.5586048797477,94.86844203555995,5592.247366978384,544.2301164662994,60180.17705430375,0,No Downtime
2024-11-08,L02,130.469196284206,81.07198274331762,16119.93547641913,636.9109990136774,63159.45852278294,0,No Downtime
2024-11-09,L01,408.9988015467698,79.50437104961053,19474.39254551436,966.2138571831109,83224.01914673959,3,Power Outage
2024-11-09,L02,160.4256553643351,82.70851065425794,9105.598262847661,262.1768877725715,91685.64640408356,2,Mechanical Failure
2024-11-10,L01,492.2758061863672,92.95072284388237,6211.887442111463,206.2310087310004,47397.49891400497,0,No Downtime
2024-11-10,L02,254.0568866320174,90.38492435841076,18921.87537715229,523.9092474779138,70011.95920314107,1,Power Outage
2024-11-11,L01,492.5665808097013,88.98070426216916,15100.39092546933,603.9134868273843,74459.37214758032,0,No Downtime
2024-11-11,L02,196.3037725345935,87.01210990081631,5620.473336721393,785.7594616935296,40190.98004596589,0,No Downtime
2024-11-12,L01,486.0024388080775,81.35466759866138,18606.06353496225,176.624653216037,54177.82167536654,0,No Downtime
2024-11-12,L02,154.499029432682,92.41979738436135,14887.5552397281,212.57872053251,80129.29884335047,0,No Downtime
2024-11-13,L01,444.5929349345589,86.37357382561774,15344.31167827252,168.3033316569141,63231.89399693593,0,No Downtime
2024-11-13,L02,170.910124954402,91.84102761382903,15547.40317227223,481.2331307102531,62614.68920744775,0,No Downtime
2024-11-14,L01,118.5371230378489,96.43154055244027,13111.67108395908,109.5322433979504,36784.97724216647,0,No Downtime
2024-11-14,L02,257.5674309311814,93.9937233378086,19492.82411467945,199.2456566282973,75005.58756889976,2,Raw Material Shortage
2024-11-15,L01,453.168403375365,85.04246773722342,8217.078936081121,364.3162090116542,33720.49931675185,0,No Downtime
2024-11-15,L02,278.1986899777997,88.05884038133736,12642.38804899641,841.4637103385852,81433.05460246604,0,No Downtime
2024-11-16,L01,327.9914944345759,81.77784334163213,5932.91191525423,516.0912515053577,70831.94372416992,3,Raw Material Shortage
2024-11-16,L02,259.9531004752628,89.39524738943314,12563.93069182201,890.7386954827987,66747.15597852858,0,No Downtime
2024-11-17,L01,218.1378379774256,87.50748126248526,5726.317495481289,712.0188523867928,33851.00834846329,0,No Downtime
2024-11-17,L02,297.7332030349154,82.81567463116538,12195.02689214129,423.5209019616282,37795.16002829472,4,Maintenance
2024-11-18,L01,303.2536170515917,82.99068489568037,5308.458240287597,105.4740921278368,94718.7781298236,0,No Downtime
2024-11-18,L02,113.5989101133604,94.96453123389908,15660.2439329933,722.1116797552444,74743.54870884784,0,No Downtime
2024-11-19,L01,457.4158821381383,95.72568194468195,9332.209806621911,786.7005263578097,84288.86600142435,3,Power Outage
2024-11-19,L02,103.7518165661214,89.95812999580518,13446.01339827569,175.6847891913737,23430.75242241049,0,No Downtime
2024-11-20,L01,317.6174340419579,77.17539731556639,8318.34621043298,331.2086516939094,32027.84992978369,0,No Downtime
2024-11-20,L02,361.5373805357798,75.10231046474318,6681.446886996569,626.7683045509436,62181.03219193388,0,No Downtime
2024-11-21,L01,219.874277841022,88.74502688824379,12006.05055820675,254.4644388781349,43258.27934385589,0,No Downtime
2024-11-21,L02,384.1079717228828,76.49947403092999,12233.99759014153,849.5981312037222,49828.90082883371,0,No Downtime
2024-11-22,L01,359.581020610124,82.8856557997494,5168.887583958571,552.2805719838559,39497.96008524382,0,No Downtime
2024-11-22,L02,269.4057433877931,93.10245239152673,15988.92158868424,146.8117510452142,46295.04448703984,0,No Downtime
2024-11-23,L01,287.0207261161869,76.62893795005115,18865.54447012323,608.4477352782901,33417.47784592685,0,No Downtime
2024-11-23,L02,451.5631186099515,96.57661932427658,11079.59544532558,108.6792400875745,68761.49806019846,0,No Downtime
2024-11-24,L01,452.0059298331458,79.35771522568264,5337.293094301353,363.6627994898722,84673.55022651794,0,No Downtime
2024-11-24,L02,319.0902904001593,80.923044813152,10349.69404312725,235.2581203220058,24921.91105936784,0,No Downtime
2024-11-25,L01,144.2623557850455,76.61515893872581,6162.565940769306,504.6068863338332,28667.58136453936,0,No Downtime
2024-11-25,L02,212.182569631861,79.92967222917156,17973.56531902943,835.5541907449847,93266.14996113596,2,Power Outage
2024-11-26,L01,289.3521680969806,76.18287736171736,6586.611236527589,867.6039577229413,91593.34307066542,0,No Downtime
2024-11-26,L02,125.2757696032959,87.5759430167253,8499.85416875173,891.7066199824737,96380.22718428889,0,No Downtime
2024-11-27,L01,253.0184727656832,76.73893679930909,19647.97842229553,414.860869808514,41354.1184771821,5,Power Outage
2024-11-27,L02,442.7429980466179,92.38827731463056,10695.30910306207,836.9085258144852,31657.71079247221,0,No Downtime
2024-11-28,L01,309.2820152890081,89.21991685187736,13090.27237289429,323.6697993793858,58440.55400008403,0,No Downtime
2024-11-28,L02,490.6692945810723,91.15710805148737,19131.93291872556,530.825774242559,20132.07601245268,0,No Downtime
2024-11-29,L01,143.6416534845835,80.92969924125407,7363.222717207331,788.7576435893662,83490.40537836663,0,No Downtime
2024-11-29,L02,220.9107096387357,86.77368716823379,15111.44868876929,234.3780726765657,33140.85808629917,0,No Downtime
2024-11-30,L01,283.2918453937591,80.59636048356786,9574.688594091738,564.2349052807323,21328.49078062022,0,No Downtime
2024-11-30,L02,207.1388349561518,87.60725269412454,14523.08278424972,672.7673712088525,66940.54170412692,0,No Downtime
2024-12-01,L01,303.7596149256944,96.74983207910961,10746.24571142588,628.257588597464,27110.63475421096,0,No Downtime
2024-12-01,L02,212.175575544602,81.78205972849211,7895.373362252849,323.9588464793808,81426.56626369033,0,No Downtime
2024-12-02,L01,106.6209687352138,76.08521402649657,19000.70587964241,232.0325107725282,49518.28382513642,0,No Downtime
2024-12-02,L02,374.0720820279196,75.00816557815034,19849.10953857015,248.7296601878453,93740.30294912723,0,No Downtime
2024-12-03,L01,157.8833883747258,80.96226085321291,5102.037304546496,101.796815358693,86088.61656659696,0,No Downtime
2024-12-03,L02,294.0734545349124,80.91695935342528,15974.06710061311,146.29901996878,79645.91489491053,3,Mechanical Failure
2024-12-04,L01,179.3769034171713,96.05982281999908,7547.935591144254,165.9893023561143,89659.23680380707,0,No Downtime
2024-12-04,L02,440.1317824876221,79.02365653044022,6709.186655209647,763.9261994850076,65473.09272080743,0,No Downtime
2024-12-05,L01,328.795850582634,87.64542335943416,12422.02082662876,713.5295250326558,46959.31918518734,2,Power Outage
2024-12-05,L02,260.3941872038463,85.14216885905093,18980.4823667467,465.6008795461414,60710.8873198211,0,No Downtime
2024-12-06,L01,443.4442289826098,88.0734218033858,10674.17561058248,910.0984559158723,94163.3355853871,0,No Downtime
2024-12-06,L02,157.138065805501,76.86361561600262,18382.15890490208,789.1769538675508,62879.14060844632,0,No Downtime
2024-12-07,L01,173.4410477113869,96.24461883930839,16707.89283006791,642.8485482926244,98371.1307220799,0,No Downtime
2024-12-07,L02,479.0769728382398,90.70592837362939,14758.15231474295,899.6881711788208,82376.19347243228,0,No Downtime
2024-12-08,L01,428.0550404591089,91.60192460790438,10960.05368402677,153.4372333996017,27268.63134939053,0,No Downtime
2024-12-08,L02,406.2751352433471,84.30690818085833,19371.54267853047,978.4976329382766,73168.06907334636,0,No Downtime
2024-12-09,L01,190.2020145639773,91.07254869849338,14694.3683006347,468.6428331331765,27310.89244984751,1,Maintenance
2024-12-09,L02,352.4044569090961,87.50763082687601,11874.70319255651,172.9795503717463,31904.46616264073,2,Mechanical Failure
2024-12-10,L01,133.4858512472175,79.42798519325682,7887.675811855429,500.8921240389521,39622.20359624876,0,No Downtime
2024-12-10,L02,197.8266784304028,80.64305098183152,10838.2902659407,826.9653794686676,44382.8365507406,0,No Downtime
2024-12-11,L01,443.8755522296588,80.30875846888786,12830.50051568264,151.8405842372298,40941.51310328566,0,No Downtime
2024-12-11,L02,275.8043863306092,93.02866195358179,5488.77013785905,654.593873689476,85381.44129368558,0,No Downtime
2024-12-12,L01,277.6137208486341,82.31241734204508,18947.94559661687,360.8851978007201,24419.93536426577,0,No Downtime
2024-12-12,L02,202.5109786987887,88.94630866937244,17159.14074827455,524.8852897872446,57149.31578773444,0,No Downtime
2024-12-13,L01,372.7016302713337,77.11392772166903,10037.93700699061,812.9178572732811,92970.07271142447,0,No Downtime
2024-12-13,L02,227.1316769983488,97.68953093629582,7659.44723818929,163.2110086601272,72506.7169379148,0,No Downtime
2024-12-14,L01,322.0676491801547,97.16310133119022,14184.59459312833,218.1430157946608,70046.07765520281,0,No Downtime
2024-12-14,L02,272.5747295855546,91.46663194876027,18499.46699431582,640.4534001492992,41455.37257578407,0,No Downtime
2024-12-15,L01,484.3904225301895,94.3435702312716,16034.71234421138,113.4762064173135,48050.58808042451,0,No Downtime
2024-12-15,L02,131.0315066379763,83.01051255681938,15254.99724185256,757.3517984322289,80080.03339435834,0,No Downtime
2024-12-16,L01,368.6015951465524,77.01255853106053,15438.1105963825,456.2301613289665,84523.03080222347,0,No Downtime
2024-12-16,L02,134.7009258153634,75.80425294859069,19310.75476857305,710.8495888843644,64689.11808171951,3,Maintenance
2024-12-17,L01,226.2944043041765,97.44182472419749,9924.8099989964,151.1069298621821,63781.39883542227,0,No Downtime
2024-12-17,L02,319.3776942185926,88.73661000304335,16587.92920612442,287.7124527098912,84354.34683981928,0,No Downtime
2024-12-18,L01,144.7616246030012,86.768523133394,6020.205641755637,964.645923209061,86497.12760110624,0,No Downtime
2024-12-18,L02,354.7025233954299,92.5959182547293,15637.04170574879,324.6937343765507,46251.57536767704,0,No Downtime
2024-12-19,L01,358.853890113138,86.75107838911278,5092.506757560396,312.9750799260638,82047.15165585576,0,No Downtime
2024-12-19,L02,374.8288417321753,94.51300310550717,18095.49975671049,495.0840334465362,89393.82192093275,0,No Downtime
2024-12-20,L01,235.0701021892076,91.69250333202257,6754.416387733836,390.8220568276168,77070.0781154685,0,No Downtime
2024-12-20,L02,200.4907508642878,77.23005314954496,19611.42448429537,587.5361960485752,74020.15598542929,0,No Downtime
2024-12-21,L01,418.740243407513,93.7574173524695,13375.72651972625,394.0437976991572,33494.88583004662,0,No Downtime
2024-12-21,L02,343.2871616674065,81.63517042278079,11023.35674995428,352.7653932294121,94464.599848404,0,No Downtime
2024-12-22,L01,154.685720337284,75.133501065725,7248.079404591424,762.5722373963188,96985.5485906745,0,No Downtime
2024-12-22,L02,137.8649853575767,93.30192353512808,11145.0186175782,645.8019257184554,40359.58581759479,0,No Downtime
2024-12-23,L01,167.8219280483594,78.06754019683373,19315.22565670696,930.1356012445879,78358.69389875155,0,No Downtime
2024-12-23,L02,445.0067800369863,83.43242811062791,6360.846819900628,395.2044699692381,97032.59446744394,1,Mechanical Failure
2024-12-24,L01,279.4000033284846,85.52672422678224,15287.33132699151,642.8754507743464,41716.01598685642,2,Raw Material Shortage
2024-12-24,L02,351.4298781209995,93.3856438339911,8918.331565856952,336.5859957347333,45095.8212609469,0,No Downtime
2024-12-25,L01,457.4232320142414,86.57119787153326,5833.523996895955,230.7606455406172,86331.64219314874,4,Power Outage
2024-12-25,L02,426.873918008246,84.32649750299008,7295.737532430685,314.9755529570281,57960.03842526872,0,No Downtime
2024-12-26,L01,221.5450359047732,94.07917765118725,14256.28782730593,779.5857607417853,97397.9032068442,0,No Downtime
2024-12-26,L02,428.8399610371931,76.84159908181286,10427.52588929074,431.5071007793667,35689.55545276623,0,No Downtime
2024-12-27,L01,139.033395265823,82.35973703013221,6007.332914575483,941.0823846983229,55344.36535279145,0,No Downtime
2024-12-27,L02,379.8311590838924,84.58168379170358,14109.24967549868,604.5958454869844,37140.76273748725,0,No Downtime
2024-12-28,L01,398.9424113585553,77.57451943346858,9875.636553454775,604.3347196307705,76694.1458857561,0,No Downtime
2024-12-28,L02,478.858810908294,95.94974674860018,14725.71072413591,610.6614593457293,75729.29035625815,0,No Downtime
2024-12-29,L01,111.629246075143,91.12628610794872,19451.78300902938,507.9824147603794,69251.57559760561,3,Maintenance
2024-12-29,L02,285.1016423224349,76.6468262084782,14466.93279835613,612.452516584104,68205.47578684939,0,No Downtime
2024-12-30,L01,394.3557738226423,80.25162671489569,19040.70901350347,667.6677961419201,76943.60735037217,2,Raw Material Shortage
2024-12-30,L02,288.0826531788971,76.29387995758628,8035.980636195499,328.4205683658668,57880.02735880692,0,No Downtime
2024-12-31,L01,261.9893118073844,86.69935075008166,6471.383530211724,539.8202855981451,37244.02493158849,0,No Downtime
2024-12-31,L02,208.5177641733502,75.57300701812274,9017.225190872006,467.6622535102141,83532.32352457897,1,Maintenance
